x,y,z
-1.4027247718073994,5.411200103916655,8.640006549776773
0.21052298226599286,0.1624780593044219,4.043286052332891
0.17721796186376412,0.6741903665265291,3.9583036876612208
-1.4042041482270684,-3.518063486662518,-0.6258401679822317
-2.0942709382901663,0.532147802418857,2.777099497529396
-0.5896133057828861,-0.8940027484347733,3.3515496835793184
3.6099175551161196,-0.7476721460310103,4.596873669885665
-1.2988085929797832,1.1980255529908987,5.080818662222865
0.3590710159073919,-0.15878232207737455,3.827868266017588
0.10424028502913266,0.007697379705041604,5.049751787539491
0.06886156108977862,0.02484270652221428,4.639366959444044
0.24028004227753738,0.28296299129400865,4.031305736818509
0.20665684979507706,0.1221952929938348,3.6113725214061554
-0.5399502304851278,0.3393161668883353,3.3901686741004653
-0.2813557688337894,-0.2695559961374091,3.6064914714685963
-0.3226840063740724,0.30996506273411417,4.699767131013029
1.7184328608247905,-0.37258493969273787,6.5855887503270125
0.2587166729159405,-0.17436422202681148,4.033930698932132
-0.49782189392543175,0.1848343414422853,3.921402832632076
0.09169430410962436,-0.8547163680849355,5.388658355772995
-1.8989983578937437,-2.3388693897608626,8.960421868946243
-0.052198591597303896,-0.008409195551546124,5.318819872837767
-2.370423970438934,-2.498078335466313,4.210500167553428
2.8931717900122145,-0.22206864619820557,4.336030817362274
-0.6129919344910174,-0.25813503773192864,5.602147429120633
-0.2259012215631632,0.17011144394788016,5.4474074854761945
0.11178630579341392,0.08790653540560782,4.274224876481419
0.3766779204101694,0.30559781960832033,4.053226708475164
-0.48037028621624384,-0.7515181859657256,4.544498833294974
-0.00844716463362213,-0.1380017730367868,4.170154785247312
0.3807820012537611,-1.5910783102662611,3.3978093250627412
-0.016994724840304173,0.17907819562983887,3.6360227464319332
-1.1209060670228608,0.49733605999905106,3.2606804833109404
0.39687778447785715,-1.4326487723611456,3.1219991478424958
-0.20763943544653074,-0.06275893267742787,4.040127460322692
0.588656715351229,-0.38646118748273306,3.440120920882136
-0.028243985313201898,0.4255872792875467,3.4437810576651002
0.738962058980668,-0.05834009482544712,5.862832746545747
-0.36476628521147364,0.1675757240855626,3.8164375115559226
1.1227930638397825,0.8305900419464856,6.550711653039479
-0.15635132450313077,0.1985070912820697,3.864205136468091
0.6558534761624815,-3.6487210635601635,3.4160274389997247
-0.9359417042624603,-0.5794462599675764,5.441322934813242
0.32614339001622183,-0.30964802975031236,4.524626496479629
-0.834157221484953,-1.2413064558556426,3.992497992773236
-0.4069740174949522,0.07034777168356214,4.586547806059759
-1.2596995761585013,0.7681102258679446,-3.143022652975204
-0.7536966234766697,-3.6104451256123045,4.488972235243993
0.8452750887493358,-0.9275150490832074,6.134163603252846
-1.6488910634829423,-0.9126890332405572,4.183822493186788
-0.02135713832208623,-0.34595194260678913,3.415063509341459
-2.1149898610066704,-0.7725290651861169,3.4884336253118335
1.240342594494923,1.4710468015218874,5.689001410766084
0.03889742894741856,0.6450312040954861,3.7457310078111004
-0.48112987299207177,0.18823395148120267,3.987826294430416
-0.12382589755371186,0.21879943859185497,6.66484012464606
-1.3896865474058182,-2.1622550025392795,4.489286842249278
-0.528545002294438,-0.14345857977866036,4.313117678988846
0.6149610943579572,-0.6125530262087844,5.408531971485778
0.4053335984794809,-0.3976371831802501,4.092595843160136
0.08826772522977981,0.5247579070814615,3.3712300221866123
0.46806065400037944,-0.9028301518051498,3.476558030960882
-0.24292155436901416,0.04133400881524522,4.5382065409149925
-0.022350136906505325,0.43484434371211866,3.7291997509609556
0.051317596128848265,-0.1629376221561172,4.561826480644161
-0.06335634452680237,0.7766073210104162,4.019757666932877
-0.21894655826360485,-0.5237733015384625,3.8761956523671324
-0.3503106804469959,0.508963217334539,3.9813073121337577
0.25793789080047447,0.4083236405540838,4.754350318332305
0.2304974433440467,0.275453728379981,3.692655997214777
0.04859474833322704,0.36050918113724595,3.8995548658522265
-0.47702767079981645,0.6704794674292412,6.461492620218413
0.26766244870895967,0.2475715198056309,5.448797638576613
-0.19257038114570788,-0.18467258108067602,4.161087020736781
-0.171729244074681,0.5769263883268068,4.596950882416626
-0.24605705718421675,0.13039156362820897,3.3909487728343066
3.3187798685431384,1.8685315438903596,-1.5848662704178706
2.5123992991483193,-1.6637393220830763,3.9124635597521116
0.27139668520369203,1.000413258893424,3.27047858183879
-0.5025001068001695,0.0834296592683484,5.811646271493899
1.4377978047487578,-2.71003814866877,1.7431629861107172
-3.1097997296961655,-0.4857295449683857,1.4654726083091134
0.10496905393029564,0.4527225496437371,3.558162799268071
-0.6895867589011937,0.6557896904407077,3.6782187802628528
-0.8081632711937207,-1.1897805801758687,6.699793369329385
0.01733370191425797,-0.03158594318396893,4.1501895296022875
-0.6915849410029521,1.1553889761029528,3.5738643416500753
-0.6405989798453846,-0.09280616332400292,5.8451524347762085
0.7884877005734858,1.2859973371113762,4.737293289738499
-0.14572233271428736,-0.6834661567320749,4.184886830146406
1.3043025842477793,1.372784675069101,3.3006033870040237
-0.4295162007694478,0.4175373682956054,4.2576744189429645
-0.17395852469856748,-0.2436749403151035,3.4359144541658475
-0.0754296435968324,0.19681782213322244,3.430342146700123
-0.19998162880043402,1.7778374973753657,3.945019224182556
0.5021993446230577,-0.46859530267662386,4.6417025825197165
-1.0696041827791691,-0.49022166978665555,5.481438116328061
-0.307032477555204,0.09281178437031247,3.761489020183588
0.04391331300301782,0.23408373322352669,3.8338213330658806
-0.044428558607977564,-0.17887268883571375,3.7441014035882363
-0.47115304522928875,-0.12801611384492842,4.156038407906905
1.4503748686971865,-1.663875609681929,2.7301229903804067
-0.025990738542363993,0.23096749505924868,4.189405462081156
-0.18974036385785303,-0.0003835592091632974,5.082940117965153
-0.07515917008927027,0.7631422287264571,3.993164322119274
0.5351863053636084,-0.72317481830294,5.552274483265441
-0.13387184188993737,-0.2922209326240391,6.025487750551132
-0.17978521373137488,0.20003980777536193,3.7856415155237424
0.3807085455286772,-0.764399433798561,4.930965729361641
0.8257061464570785,1.514717624423992,5.270152624362786
0.22809409467335126,0.3592400551399173,5.601073893405111
-0.21728564220828628,1.267785248248385,4.580333672898629
-0.5688430110337694,0.08151676576804423,4.061682051749284
0.06353379499747284,0.663916242077477,3.42037115332814
-0.70496557018754,-0.07903874247787172,4.450219693951568
-0.24133502212024377,0.17663469762635903,3.4279091181356405
2.506326623251802,0.5642896199751412,4.972624427941069
0.09997939957885495,-0.186021149551478,4.30733279206375
1.0052673754742678,0.8218440736489658,3.895387295016672
0.18368035044902883,0.7301803131572985,3.47031135857906
-0.24355179614913927,0.06907696428668643,4.531768761611469
-0.945200899305445,-0.10208323373489371,5.329061755326613
-0.20914449299204166,-0.3007991757891337,4.48076258820299
-0.20221112536025512,0.22825123788386575,3.5428343560375737
-0.4178723008082576,-0.06082946346672195,3.7300348063159987
-0.400049613784372,-1.0905080332484511,5.454192733771124
1.1787041799797566,-0.7849821713563202,4.797754123421066
0.5365508345086097,-0.32775622493181916,4.760872048654807
0.5451009989461584,-0.49394567636088854,4.823056754567604
0.7424661492779588,-0.6247462604330863,4.639570776701228
-0.3202050643152666,-0.765009568929919,5.804508465738681
1.3264955532007863,0.061149116650416044,3.6841770325515064
-0.6245312457791394,-0.5668097753301307,3.989801321540028
0.6117673300264742,-0.3604344305438529,4.789811923571664
0.17672053869953258,-0.4659878349875996,3.4021641355384724
-0.009797389104652216,-0.2719389853840259,4.313495751722027
-0.2721417929606858,0.4882183755421888,7.09498048631834
0.27619460424840653,-0.2324776268546118,3.4089328081984744
-0.11950120188207637,0.15796856514899843,5.86485112875906
-0.013570271488362139,-2.0467218400782197,4.8670499304780686
0.6500652418783436,-1.0523504842398372,3.6350646983256785
-0.5175657966159822,0.05507856728447197,3.8999524251211612
-2.3991957221302664,0.9802022728713833,-2.7214500781598843
2.235034715494451,1.8222530628809546,3.790899817570375
0.7243617366152224,-2.5137717645705995,4.465341584108392
-0.20894316140903083,0.2699244687340243,3.6630425187929316
0.0740229287890227,-0.7574280146341917,7.979610497505444
0.02651642705279296,-0.15516600791489682,6.215702278169877
0.3690966395042801,-0.3977512345494243,3.604558127254574
0.03763462088404587,0.4176113965007496,4.210437329670825
-4.339517752179682,2.940176984109738,3.0688552605917296
0.20165263130670286,-1.1079097015306612,5.890330630585819
0.5501424539095608,-0.05238828464343835,4.084278286701449
-2.5597635695471346,2.2639794391092893,4.983907119947748
1.1039545138198639,-0.25632825241454066,4.50109459404847
-0.10181327125357446,-0.842142488969356,4.468611206454207
-0.32738417072414316,0.231082410649279,4.3015752953064395
1.889271771279429,-0.17088945594216637,3.247645245829519
-1.174049521000946,1.4324190748935277,3.484499588631424
-0.191325259530378,-0.3064649618485194,4.128424088692269
-4.267906904290981,0.6940830184396685,3.2326010857890655
2.5585867834127662,-0.38828486910707016,6.880642557538413
0.8307755254893172,0.828412064936051,3.800497866891827
-0.8960318537155824,-0.9984817384907413,3.1998695739580953
1.2846483997648193,-2.0941151884036295,3.8393305427377413
1.2100086209677376,0.0022230308379031717,3.4094973842380445
1.8127570462381541,-2.8303910142062376,2.7638827658532414
-0.02641671213817158,-0.7149675743259155,3.9442308012898
-0.5005411594136793,-3.724795671395343,4.725095312935854
0.6291881085718244,-0.17592210886851697,4.388404225341049
-0.022474837467535747,2.0852851123512055,7.298094401599743
-1.1952274479849982,0.3958624094808249,4.536808515786715
-0.8159804910216166,-0.6784946237360122,3.878514193916435
2.6345362795242315,0.871463830756518,2.21057173003217
-1.6316902387872758,0.3356603810593381,3.703530512855652
0.22649039700021698,-0.00898831247639638,3.4405933934998045
0.8773741308676424,0.5053587865804473,3.4530668843815566
-0.2503378761283337,0.3777728951498682,5.237395934517006
0.12943093791182653,-0.0022711094459518227,3.548778188849818
0.5337759796065183,0.38250897421058444,6.143801201662459
-0.1531523304965701,-0.46265115648113414,3.7475514403415513
0.1883966834125584,0.30778143045480694,3.517545794135782
-0.2347574529989854,-0.14338652988661815,3.454043376621836
0.07985749450445423,-0.13728107299821257,4.09557218780391
-0.30443827480074265,-1.2482880011365598,3.442176956470462
-0.09222036489311473,-0.4225756256671623,4.139487337230699
0.19728002543019107,2.1829651970853554,-3.5019361982959745
-0.4390060400357834,-0.6884241867585368,4.777743478951659
-2.1653490026857845,-0.10693115374126877,5.052311526715718
-0.44858785689893693,0.2485732246607158,5.279688046730449
1.4064783469938884,-1.4794536108876135,2.8876880888379493
0.4636694473326777,-0.1940481231722156,6.39989654015839
-0.15552134255476477,0.4138360812315811,3.4115491677969
-0.3971453716622646,-0.3883185633673673,3.3950911534843966
0.4797670178526684,0.8252935553706024,4.725805538463844
-0.6852731449399525,1.3344934324928153,5.881552521085045
0.31219007775972957,0.20121902941945166,3.431755922585904
0.6169618566461652,0.23035071954505665,6.509740126970275
0.14359429616126784,-2.990074918664374,3.00284220519806
0.014116735382267029,0.5654710440006763,4.425091975315317
-0.6141350874891122,3.6087938292163813,1.757344031266644
0.19638966626371812,-0.09565535159581653,4.350634529553154
0.1658648122044493,0.10760011053333216,3.7921668815851923
0.9519013220933862,1.0353133312888416,3.2507250671848245
-0.08732713866568512,-0.4918984989204283,7.014196450129287
-1.8202235328082133,-0.12967740029670263,3.8562893948413177
0.5847738015029857,1.5776928190139827,3.1037746012190213
0.21122024618837662,-0.2425939452857386,3.5417513640179688
0.25809706243048625,-0.07060604055768264,5.536153705844386
4.9584608661676635,-1.060876706424813,2.9059462187492353
-0.13603209416235523,0.0746813862585562,3.9239374129439666
0.7535780923256596,1.322868410493269,3.403133694023211
0.7447530188928777,2.210637921076925,3.2865613286648645
-0.22389520653938494,0.016316834956509037,4.3459052952741075
-0.1507805384047923,-0.30501856923047527,4.873007066128139
3.7498314201092233,-0.5665968719402351,2.916913805896639
-0.7040523578516649,-0.780716311568925,7.348775899105001
-4.144646358066713,-2.6532955058743863,-0.3260389583111149
-1.5493648087461498,6.120493685020675,-1.7476007325883431
-0.4900374268911792,-0.42511539836189355,3.6402617469925764
-0.42620292227152395,1.1072817027916988,7.087064356477588
-0.4393186329510234,0.0986807050127238,4.070472856776793
-1.1305966883338752,0.5427187818674215,3.469682170088859
-1.3141779878409943,0.9255787853249391,5.730340609761605
-0.4769768631932341,-0.10607570244722858,3.9507888505673274
0.773533765217727,0.3099047845612253,4.138015796717041
-0.25767342844575397,0.20789834428111048,4.548275554975071
0.7762145497756301,0.6289383767450446,3.44854019639763
0.2690147852294713,0.19154236089700516,4.665009616112797
-1.3973600207337358,0.5268910324381315,4.924187894425786
-1.3933575968910255,1.150929913389142,2.9331165095532996
-0.39269961125421055,-0.5996333671561281,4.635355403130225
-2.0358894633529374,0.33123074722694873,5.810479919485197
1.5599588266266065,-2.863621752930292,2.482492693386637
0.10618086297700766,0.12244019428579538,3.5874299499836297
-0.03173197576849871,-0.1590291365356774,3.998447920775173
1.6715643305492862,-2.9704234349201664,0.7073831605986627
0.5761749392812798,-0.9157618508323108,9.682241669264606
0.0981191132070786,-0.1122002767110706,3.6642015711687774
0.12314321910181512,-0.024600216790927484,7.035536575326998
0.3502568953980316,0.3937852553548147,7.000933890628204
-0.21371471209674467,-0.2575757831605275,5.61579802919802
-1.994613957822757,-1.772618705572869,2.481231458412602
-0.17231092003182993,-0.18929469768108806,4.14371078644901
3.5407106971659617,-0.13565807564410776,2.0524794996202513
0.4491055652188719,0.8830461726932788,5.916270250327127
-0.32291881438436715,-0.26517964471047867,3.375468463986759
-0.546180873875772,-0.2973823314001238,4.7014707100744
0.40147949094143337,0.026506614617554224,4.109026722272021
1.1782233457523457,-0.47545516481804806,3.5911783572372395
-0.10834246870813985,0.1469148658293475,3.590423534195235
0.03489639500619739,-0.8420987092735236,4.483744428260319
0.1776004500705117,-0.19945911966985372,3.8668662340889983
0.586925299133163,-0.8331360362601837,3.4635903551479
-0.5487622468288853,-0.8912764616504298,3.29004450123771
0.834485627663376,-1.0015547074542066,4.957500658630683
-0.7289370594085613,-0.5834428475287411,5.950032800688759
0.09500092907765727,-0.35080551254547243,5.759942776405213
1.81408402903564,-2.1354571640550475,5.254376982220997
0.18142311313598022,-0.6412332007367374,3.6218000763924847
-0.7487239236833674,0.6990936028515348,3.46406638638063
-0.138363239916877,0.11188372397747619,5.580758748274356
-0.8705124576190415,0.7811336246566716,4.593564610501643
-0.01073125569872898,-0.333477099870339,4.516768378747278
1.1676343839303378,0.3358698368263468,6.436554250709538
1.498249957494433,2.2849544734286447,4.585176924916299
2.799193421339441,0.5848783686534078,2.4815073425099294
1.4526461020873138,0.48082242499355343,6.818966808960856
-0.23086828742979731,-0.5653950195881502,3.763790962767777
2.051201081430265,-0.36864714834242723,3.026815236744674
0.43513078345425377,0.04172164418880411,3.7085871205076497
-0.574898401303161,0.5146466748896449,4.397427688024758
-0.15412764536498427,1.1116130164062077,6.047190824347285
-0.03720905577016552,-0.10940509597465065,6.782813138138289
1.3993243679404699,-1.1177155477089735,3.8367982291863387
0.16058019987386657,-0.9850288896175041,3.5112884665637396
1.7951807377524858,0.48472641139125067,3.048784732433061
0.11584984066262942,-0.16260114856366997,3.5593070724233615
0.43213527851267364,-0.07251035235986521,3.5007614068350588
-0.24471056394578797,0.050433227065155045,3.4025703521356263
0.6085812678837134,-1.8576946784611563,3.127765325730771
0.37529298079081264,0.43265930522797424,5.250518198474629
-0.4777206576371396,-0.09608009180760298,4.178730006640408
0.47549742052609706,0.11715183500740582,5.0099178693636075
4.1239544901240555,0.9996279071487433,-1.0912688747598964
-3.112905223759563,0.763110205835894,1.6371767434041389
-1.1947714224735027,0.705253173962231,3.421355038888327
0.01110407858252382,-0.08972557526674806,5.216973448491909
-4.048428882169606,-1.1718352312545794,-0.8670775104580415
1.1272416967298133,3.471803254056084,2.933010628904171
0.5140741300061542,0.03804506272503569,3.9582666635356274
0.15884832930378728,-0.024699320994116886,3.589868656447166
0.36447878005452083,-0.11128111616124667,3.549159152740222
3.9330396798868055,-1.1024299236503916,2.7651371910477733
0.40391445878266835,0.9791793932807976,3.3227798577239667
-0.624223379441783,0.20362755813548775,5.074370891033939
-0.6180767098251828,0.13007511583044298,5.228391230375548
0.44800154763340455,-0.11058742328451988,6.545490344087672
-0.024350702853354247,-0.634112417053531,3.5111092615721082
0.2524420003935542,-4.442238276738305,0.9667729194602446
0.12059787117609096,1.4203397270764808,4.350446012522036
0.8412010616959021,-0.2803409062171338,3.738966086680358
-2.4637802936616087,2.7726884067172937,0.59968662359756
0.0004898754248675618,-0.15910420887106055,5.402261339458604
0.09770951167032925,-0.22922334072758097,4.338729452596581
-0.08975219537507713,-2.141789203900232,5.473727768714312
-0.13414376195515246,0.0039958576181062236,4.052906119767999
-0.41646404026570444,-0.11412490996261501,4.354399654591845
-1.7430731359491174,-2.175462627330575,4.90357190243338
0.6075890311428734,0.05273012485155116,4.181463233192316
-0.2027203945148864,-0.3606490924360301,3.8136552290447203
-0.1983753705385478,-0.32155386025915245,4.5494857296278814
-0.31681715497724483,-0.5377049678746758,4.312872503632099
0.31772724830755494,-0.07513818365137456,3.895468309252827
0.027193466002224075,-0.2626459189695192,4.122506524158511
-1.0768319023781232,-1.972263226958198,3.6992209795154833
-0.6976720484245993,-0.8226894123876678,3.2850725763464945
-0.07330152726208167,-0.13641336734609708,3.498109136824281
0.584687060548202,-0.638000965268513,3.6164677331809743
-0.4225968617064552,-0.09536501487704371,4.382839710266285
-0.12619231791377966,-0.21603684242926172,3.6376751362667146
-0.09759253218407488,-0.01627391153742919,4.069075496284611
0.8493191895265934,0.9049855848634106,4.008133552746831
-4.896777794963581,-1.849263628954321,1.309069972102525
-0.09909771039176865,-0.18724305030808924,4.329051813205086
-0.2856454350613681,0.18426215290832887,4.151300485622893
-0.9515848641703584,1.874766300300194,5.139836847680462
0.3906988415242098,-0.19802754392874666,3.550296625245369
1.088639573450478,-0.3986780561121647,5.428568075135467
0.3776875144398847,0.8228395240924711,4.48012456919107
0.6262960014279483,0.04640653685299583,3.386925914944269
0.30452774038148556,0.9777618565439619,5.691054308708312
-0.4116266916806183,0.9496040048476929,5.2930984812854405
0.2416630446483044,-0.0063348937453013,4.466621208946434
0.5973648579052372,0.8772526098572367,8.046584736815113
-4.865810832964931,-1.897206007717943,-2.2565272254512516
-0.18915171342982573,-0.01278706854276515,3.5029139093792887
-0.4451512987007893,1.0158724166799116,4.103000886509001
-0.3451543413774923,-2.8399411873882,3.7692458999153686
-0.19982482051292474,-0.12578809970236704,4.406923927704148
0.3215810801539307,-0.09716384197407005,3.554186281334139
0.3741461303636427,0.5189417004528378,4.049839675572139
0.09287440155281465,0.11041789327277947,4.32357933138626
-0.26331927363073176,0.14450263116103965,3.5208140833117825
-2.9574812627269553,-3.3966450428919748,2.9012776089662986
0.16825510928933693,-1.1027712061866484,5.48379902107844
0.4386472133865249,-0.2557656292740034,5.250211067824695
1.1285196889316114,-0.5158310118500655,3.6830259019814084
1.099556442307729,0.6251790157426125,5.298209038067141
-0.18617049676502323,-0.42261915661094496,4.157346740495093
0.005227638871103091,0.770317025396825,6.530347695106365
-0.32693993108066277,0.37882991264109434,4.460536261330639
0.5479685617972724,-3.0465792739043605,3.876219133748541
0.27095396053583426,-0.05800281751879001,4.993463265376165
0.11742257221086323,-1.9842236604069858,3.314492260908035
0.22014861592657695,-0.18537224135368313,5.68212065323628
1.5153436157913214,-3.1761804261510673,1.1495184301914385
0.4900631696270103,-0.30546586676635135,3.8869423527951525
0.7138618318388515,0.6719991562925874,4.535520666357362
-0.1828635781858716,-0.03350052594979602,4.896805413061284
-0.03919760565362254,-0.19517013752588078,3.54332555225359
-0.21995846336876035,0.5466701818697977,4.093184606947383
0.015107231586292711,-0.21905299967471548,4.739346278122075
0.08657326630116882,0.6951131412169753,5.262140072123841
-1.62018709898973,-2.829037708327119,3.3591313576229083
-1.1208940921346284,0.412800457014289,4.134734346995733
0.12298496447449868,0.12248099326516199,4.394271657884035
-2.591800374379573,-0.8626215802779352,4.9470573789619845
-2.3723895970369897,0.17521801021840092,5.849823369661015
-0.5290628305775716,3.0138889193368983,3.9619704348249254
-0.16306660359548864,-0.16917231753529488,3.485008535425746
0.3933863301253558,0.05992887295125029,3.506535801790742
3.505273496193545,-0.7480996295041753,2.1142792262407513
-0.39823335916480235,-0.09031062805810061,4.157960094436335
4.848492935944533,2.262866551841867,1.0067279207958353
1.5663250993899196,-1.2887777887802057,5.75576954031071
0.6195276897096568,0.21851190860828004,4.303986305993205
-0.23308756147668538,-3.119448325301839,1.829095375477162
-0.04152011881968789,-0.32184386222614025,4.90141802550283
0.893608222673457,0.9315409920953299,3.502946824172511
-0.7965587160403946,-0.26297869693084264,4.076915858956372
1.0987129354920493,-1.3099810349509033,4.5769595980882425
-7.148502043673874,-3.5232437929067917,3.155630986527374
0.1813344692127842,0.8782377527066015,3.602260799800236
0.5287418598799557,1.2702994304638298,4.258612429508191
0.796228308010717,-0.4444874867415461,4.2499809581793535
-0.16975091452571012,0.040382377884973814,3.6965413160640486
0.05985257993616304,0.05171211196019856,3.679304165591994
-0.014004201808204813,-0.16659342542754413,4.5974660800182585
0.01795671085016019,0.15131185343689327,3.6084363876177323
-0.29304974180519144,-0.21595206973065745,4.526657192272382
-0.21938058150185158,0.35407616354554444,4.406880379204043
2.1972078305113545,-3.4579199750552414,0.5981634359367267
-0.6031644205646809,1.6376373312739039,3.9514561058641964
-2.272806387558776,2.687920154395136,0.3778422028622068
-0.276457761116185,0.31240029042431466,3.944395887335152
-0.34043035236826263,-0.2347570214816488,4.180251583602715
-1.3925344409653726,-1.4512617874507114,5.2459004851647695
1.6912660547557987,3.2708275291821973,2.605466099795378
-4.1384307075346305,-3.495029507256715,0.5757574882303269
-0.28468129102470285,0.4612212503954818,4.38941637269168
0.03587609752732338,-0.5140437525326234,4.03025894229313
0.21795349502992928,0.27236608633831727,3.6250745784121268
-0.3285800750204576,-0.07933003298881819,3.9269232066035147
-0.6572500170535104,-0.2361534502877706,4.447407831301835
-0.20668178577922272,-0.23358738984531532,3.4235635954229635
-0.7751432181135597,-2.4788461162143403,6.687882071897673
-0.9941336666823721,0.889912190851995,5.8915690409802925
-1.0511419093800427,1.812312945074888,4.041155061205424
0.45204178062017153,-0.008383225050563074,3.554167751903319
0.12228739059933959,-0.2228078401392039,3.799508891717911
0.27433730708458254,-0.3567382456764909,3.480429329838023
-0.4914953955453705,0.499279732429353,9.71298191594818
-0.10918229867498652,1.3959600799948446,3.653073563570453
0.6250093340633296,-0.6664683506096839,5.655430406239069
-0.2678929406062975,-0.08248869988961277,4.068920419487772
3.8464369255886495,-0.9504590891884108,-1.813259413842856
-1.2578974969101875,-0.7246337654107339,3.7236490976162337
-0.2182548450229861,-0.7873423030967204,8.819898199433155
2.5092842660701398,1.001559476472989,7.386598984569033
0.48632192465425633,-0.8491497076813412,4.466543872937431
-2.837347954898639,1.3235989133706987,2.952904560646708
-0.03965138652045887,-0.26437785095040733,3.4096361768883274
0.2233143223559937,0.038367282327577835,6.595804655419306
-0.0668788257716131,-1.2185899637181283,4.092318145966073
1.6908762638655859,-1.4486176450588601,2.667069270300165
-3.903460181217566,0.01875809940762336,0.5572270448815959
0.376527378304771,0.17748309118830585,3.886354563942115
0.5250670153121024,-4.593756884452015,0.9538554795947664
0.563657055355777,-0.09345122134322899,3.3530133212619813
1.193653060329996,-0.4111813823540511,4.692210952434859
-0.6358521853401855,0.9536166461576705,3.4765619464644826
0.8982835347789754,-0.7561346123324997,3.857139166940677
-2.4344412281162717,0.026531245142628123,2.6062246058047123
0.04678403087148216,-0.08404449165478256,4.709992293369361
-1.7201068440799467,0.6578572566139461,9.871780031550628
0.2027742771922373,0.25876828067937174,4.130077870624008
-3.132735324540484,-0.5017553927728956,1.7817148093386772
-1.4855327680704926,0.43384548407438184,3.564439559176358
-0.157868911884993,0.6028152021705809,3.648113558528268
0.49634301152476606,0.46231386337000835,5.460732524637973
-1.275494244377166,-1.2471823884998787,7.6921888938922605
-0.2278470869197496,-0.12825931771096025,3.9243144945074966
0.8593404525501759,-0.07876888923066465,5.758434681688919
-0.2686239943810682,-0.6491893902066522,3.6924737974275503
0.8262991564352973,-0.4629392596648754,3.814611062582685
-0.32628225157141577,0.7534527075315162,4.804247604748606
0.3528150998172912,-0.24603765892731994,4.565449428038808
1.0027030504944894,-1.72691696811461,4.679824151159171
-0.05339371848194496,-0.25645637493930323,4.113690734684976
-0.438257444025582,0.2756197058778573,3.552245473946698
0.6806286789328871,-0.28181041265900364,3.7084555629001246
-1.0621198702653274,0.31485510265536437,4.8274376198922395
0.1400108658739005,-0.262824821649417,4.019069904329297
0.03575478631744338,0.22792327276096647,3.938175829735191
0.5026184359806132,0.18753795889651906,4.993882151500538
-0.12756168978765156,0.02229379998983548,7.20797094968937
-0.1654754113678319,-0.4998946301205934,4.03268578274321
-0.5048765328935433,-1.0939255896933568,3.839153982048363
0.27412368168639256,0.0074017090598127045,3.4434223504489267
-0.025678831628025242,0.2401612481006075,3.480967409285137
-0.43963902576613684,-0.20144393720961237,3.9913330338258803
0.3758619496767968,0.021422551251690125,5.429973209172998
0.5116181736224231,0.8793402312339305,5.173833580316894
2.7888127989937175,-3.3997182506039363,1.2563297363710835
0.06719018338642024,-0.5504020289833096,4.304591723239572
-0.2675083261212252,-0.2692451348267608,3.7818841707869857
-0.07490973858955524,-0.13801739285586473,4.2235995016209005
-1.4759284149275638,0.18749344290268943,6.648963411264646
0.17242063206909872,0.19680503757264536,4.153728718490614
1.1067753596386387,0.5423771150772672,5.146636245828653
-0.14996976120670866,0.9967247681899213,5.524788688549914
-1.089788993283875,-0.08988364042901255,4.222616101582842
-1.228911785921743,-0.06014386029279666,5.785847267533599
-0.333082306500372,-0.24701226722692698,3.8550206283966446
0.2374736852098679,-0.2193269842175956,3.5086814614340294
0.004118954884979577,-0.7813526074315552,4.258908438384958
-3.611046427461429,-3.4206152727960335,4.394838938410355
0.18135862610057338,-0.39500734063745063,4.372565634392087
0.12001583555214464,0.5269323884238005,6.4678743960274305
-0.012259303666614933,-0.4980431524921931,3.48490109225545
-0.0881208256182337,-0.21175446781850932,4.684398021985264
-0.054463732416157214,-0.5191084547543784,5.451966484750114
-0.32081893232903463,-0.11845244688870106,3.6360720726417535
-0.03135604127909104,-0.2529170798194812,3.4426931926578517
-0.5303651934754167,2.7460703332274212,2.4807883138860323
0.34885405763555155,1.3812698676001327,4.3696688897203
0.198064038303243,0.23741425360812643,3.437867387382801
-0.4370319931047378,0.2062597278570389,3.9917852422117304
0.3774924264963022,1.2464020484583913,4.302208384146114
0.4166057087361127,-0.7418622733700327,5.278090097246895
-0.18479213317214185,-0.2521406612606454,6.4983437193762175
-0.43899611810761036,-0.3441924560320244,4.551898848118653
-0.349282925459346,-0.5519384541667766,3.455736661552943
-1.0897629948265748,0.8690250367721931,4.282415223262021
1.3371432546235202,0.9913732965438402,-3.2331388903179423
-1.5773168610315647,1.0972419900186992,6.602978170586808
0.08307586286152369,-0.14742089963599256,3.5612619479494008
0.12931969091187456,-0.01638492001823841,3.477847702132322
-1.241088801732155,1.377585257931897,4.016840177337838
-1.646450474498473,-2.5152090665848235,4.420039396776844
-0.29471700785959726,-0.8362786477157887,4.480468246688284
1.3187192519011743,3.7020831770080624,1.120229467171819
-1.0386183616341396,2.254566230688347,2.5788916915448725
0.6015550361966518,1.2433729699878269,7.641389002874914
0.14235214395779927,0.014364840078799408,3.624787637693078
-0.34249796036661917,-0.5019629709437529,3.6753321555423604
1.984851654800861,-2.3587107347901837,2.6461273586568157
-2.004614616544359,-1.1228121497636325,4.400819613136123
-2.7406594777251203,1.373908181636159,4.503210518501831
0.23146797264835495,-0.012865356547099985,3.6409342257875603
-0.30099343035643855,-0.3786097812087302,4.569673691004037
0.3390414201772583,-0.2976135579287636,3.5628152802765256
1.3682496509173518,1.0084954099581807,5.035725473088797
0.037336956515108356,0.1622011021202191,5.206707264740867
0.2019952340590273,1.6222624689371876,6.496781382792737
-0.17234001925541495,-1.086072385557473,4.364150692893176
-1.6133083773986399,1.0818755460742566,6.32234034449452
-0.41402895658186284,0.042461056104955854,3.897050786756807
-1.6990070269175637,1.5141118029721368,2.9443865076769984
-1.8829512813755989,-0.37106210352009517,3.35740307862367
-1.2168171856680792,-0.2660132110852644,4.534403866606613
0.07452144079557124,0.6954410786670948,4.192350993461019
0.7647052485091732,0.925777574581129,4.275742521118613
-0.18190635169171857,-0.2318018212978813,3.738178136621058
-0.10510072574382247,1.5151071712735424,5.282774074454303
0.8390368198943868,1.0066267148814643,3.2942889717599995
-0.1598299322459995,-0.11554162948358179,4.270084706343655
-0.10597252534412212,-2.053538739053375,5.069194735770968
-0.05635255430132192,-0.1721606358237206,3.7694053658343396
-0.3098572212962215,-0.32042202906626194,4.959150660174115
-4.5805160887369185,-0.7885531075003629,2.8763057030967825
3.4616234721900585,0.4877628415438534,2.5070760164834893
-1.939941027689058,1.4242927138756538,4.903799933081274
-3.0360208133854085,0.3579676153132009,1.9908610345760085
0.5764136237171338,0.7792173604744383,3.602338341411766
-0.39268624019148146,-0.4418826087557845,4.732669319692325
-0.42027412329114483,-0.6590499669945088,6.557957170257187
0.18932187219360846,-0.3686526783644765,4.349205710582878
-0.24737102241024772,-0.4855916089306463,4.268885988038467
-0.25756240385113033,0.1421297921557142,3.4219079770921588
-0.009979391878851884,-0.8576566845665882,5.556755767707091
1.121546965464806,-0.21448131136234275,4.107962374009631
-0.48356565899670956,-0.25812549110922073,4.243031897253276
0.23458679450078923,0.11614740629500574,6.465806255972162
0.29327925331981586,-0.5796137890466447,3.4480230165986496
0.3528901472036751,-1.876896646038137,5.212475098037956
0.3868572074835365,0.5067789535136371,3.6306023438538046
1.5508164460095173,0.21810505974787187,3.9877146195242363
-0.006729603086248275,0.7217547576636387,5.9475323375970195
-0.5699102365996658,0.12299797230834447,4.757405610218375
0.2423773829599372,0.6996185374612639,3.7888917540925786
-0.04135368727876231,0.30156453276954953,3.883393257778982
-2.3174006437476407,-2.3088588593803228,1.4502193515174873
-4.074638529406999,0.9243256105273195,0.5147848046668954
0.008928767963056803,0.22982747364675218,3.485068683137203
-0.8002570072166786,-0.593322920673629,3.3718078238968663
0.5142634810229713,-0.9123052940248487,5.036558919881356
0.05939564693971583,-0.34220002954523226,3.745903904561929
-0.6720856503874475,-0.11109077701708471,3.3837450640137274
-0.24210634323451036,-0.291703905506904,4.256169254699033
-0.3725271449811206,-0.027789642622930308,4.788006128645899
-1.5005678732236025,1.4280559269111617,4.312677934344189
0.5330086676566121,-0.48377561426780324,3.8923492127395334
0.5892205618320228,0.03633986889399645,7.690749077107668
0.14630040061015592,0.1896837767453722,5.175814641515644
0.11556019852701205,-1.2124115319514734,5.501740053378832
-0.14568783837267574,0.2780618392641565,3.426249601020457
0.49845827194605374,-0.2639707280825337,4.257584043634671
-1.477790664392499,1.0929531082247308,4.547381101793812
0.2611365050911493,-1.7602745826379347,3.6174136520975835
-0.09739207583066349,0.3396405166479397,4.000361350787351
-0.733559387827241,0.28607466142740184,5.595820102990972
0.22628316155850295,0.31265494489444845,3.5388861144032506
0.050538113513271206,-0.23372254684928354,5.696952269632346
-0.48763545094786453,-0.045497377198876206,4.753669338250995
-4.762189902616609,1.4862679717442082,-0.7517711059684964
-0.5518891164475812,-0.05019056279246588,3.708654038857102
0.23427363150527658,-0.21234081262693197,4.137656004544807
-0.5288288350273761,0.4276124715034846,5.422492957483317
-0.38722800980070177,-1.111755187911055,4.769415823842222
0.23459318195201295,-1.1372098893253004,3.433766184472387
0.2408723855693725,0.23847300601111626,5.466477352963881
-2.3800350604437006,0.6086503787687704,2.691216592048314
-1.9063844080835755,3.5354151890108034,2.4580002917838066
-2.87489493096738,2.4546493092547035,3.653217807734482
0.11099938681819442,0.1325230327069376,3.523906790089766
0.17014654566366605,0.11722240144410015,6.255407212725673
2.072480211667768,0.5593941848713675,4.021535372272967
-0.544779337068271,0.5042244228938343,9.276768156747277
1.7556136396328224,-1.17678793415034,2.9640837464575607
-1.370401034750621,-3.8496527934781053,1.024482029283195
-2.716132076997702,-5.58624279827482,5.357938023633705
-0.28240126165775914,-0.0439734897352672,4.556770043592461
5.0024358467743575,-6.727978557984808,-1.4074122944986505
0.8727331819856821,-2.7117276144660543,3.135265204852702
-0.11576152966593299,-0.7111839788637201,3.888220619218038
0.5085731089001065,0.033972419692276545,4.299986384204904
0.10209059755219439,-0.22428710611537858,4.005108989184264
0.4905441337794325,-0.43498586974735604,5.67915903193964
0.19242536687569642,-0.4524824605296459,4.176269821345021
1.117062087232356,-1.298873166837078,5.849005960701135
0.29663203869722016,-0.11481552676986505,3.410871963984269
-0.7151524337270333,-0.09638348682463457,3.421070983781783
-0.12476577167776907,-1.0782498309187158,5.207417160568359
0.16365517429122398,0.07345393297639734,3.611773024524038
-0.7099346732837472,0.23090859432763397,4.6645401108166284
-0.14287056405895704,0.18090477133057983,3.9457274573345518
0.7004109652482889,0.020580839618869157,3.716107024844092
0.8526438246237389,-0.002050396905437601,4.086486809596542
1.6126797859945559,0.07353752113444244,3.426903721757114
-1.2623835511844868,2.781666732759466,3.644002289511023
0.10141394633410261,0.6523297462084046,3.790297343337077
0.5458369666894477,0.8502766938541976,3.335316828209131
-0.33541859789986905,1.2166083996036405,6.817774177905243
-0.47186268573766393,-0.3643500873878611,3.453757167351162
-0.9989931652784694,-0.06916320389745866,3.9760454499851408
-1.3902458503013186,1.455347177928293,3.8761025239004523
-0.19556569090413006,0.2959284575006267,4.045965993947955
-0.205631840210337,0.0015671540735121244,4.596164746048419
-0.025151642485609017,-0.6783756840364787,3.8481241398224513
-0.11299472722378766,2.184654845318077,3.7429691115059662
-0.48835901140978477,0.7253818463435844,3.6349369184863467
-0.6882551805180085,-1.0374450039967857,3.7005362647184166
-0.259415542985617,-0.1387083740589366,3.577465717837335
0.21799165877557178,0.10851356512722522,4.434087025230223
-0.2356845714310534,-0.04552947253776766,3.6794608683696994
1.0044234184755532,-1.039251973639201,3.838919659545879
0.13965195326652124,0.30162298196491116,4.803602823266114
-1.1184113844516077,1.994604667706221,4.550964713293644
0.023737665484070067,1.065060018953139,4.0521413460739
-0.2267452108594165,0.05260567878514659,5.033123414739286
-0.038818431571988304,0.4120170934834099,4.54477441933254
1.5245292300788018,-0.28575639041024886,3.1724627991537897
0.478980515514506,0.27219786131540413,4.62809067570525
-0.40596591947100197,-0.10598593675731048,4.192912510109962
1.0256523028319593,1.0993450795671762,3.1866444525911484
-0.14550068340627248,0.0036412505695312845,3.5090375352582575
0.10469116741417929,0.523881869118464,3.4058117582288765
-0.5151304682830378,0.22547637803266934,4.3743511365364425
-1.5506370604956186,-1.6117067876690554,4.16931781663971
-0.6011514088367786,-1.5402074971217503,4.416559904447224
-0.7927290914994718,0.2660783092716901,3.711571877618553
-0.12016252371332876,-0.013349449822955821,5.004772637177836
0.10115087622641267,-0.13706343039041116,4.065091457746507
0.14862725982123637,-0.024957522970471154,3.8713802475324286
0.4163545155274466,-0.7879454141304351,3.3045038559021753
-0.5996852857248661,-0.2881359073518621,4.551017112695996
0.10597066781648032,0.4161626737776316,4.366775753460768
-0.09506012738719802,-0.5266474648394905,3.570985088012748
0.13883459794387623,0.06033773604009573,4.921403601758516
0.3637830306858373,-0.31369762878744545,4.775828761144046
-0.08917837679705683,-0.4454144162999057,7.824947919878974
0.8440639568336975,1.8433919373725831,4.426197842871421
0.09787782301065669,0.33804367264706964,4.7119322961114865
0.4698259988014191,-0.06702159100980672,4.026403273179903
-1.521407834519398,0.9143198991252408,3.7345694781942194
0.5642830351690304,0.5453297933677091,4.381964963148203
1.5170975828734565,1.5737781282238197,3.8699007995900163
-0.1196639366213635,0.05270244019018861,5.272872415022364
-0.8205050700271287,1.9213320984424915,5.752336923481253
0.279760630243217,-0.17709956313245376,3.3996611762251985
-0.9898028354054691,-0.8921233861514316,4.632787241558668
-0.5390476803657558,-0.12543170328655032,3.7735551694616225
0.4171792170013494,-0.11397771127391548,3.5663590539859453
-0.09588329490546471,-0.11417017482888997,3.5008932843130722
0.22351583875639178,-0.6912432968741222,5.123518545480537
-0.008330473733061233,-0.29681869757976115,6.349174148329699
0.19145262252626105,-0.012564881411088533,5.20427602176376
0.5357297086895807,-0.3853691961388159,3.7586091263572694
6.749151946200288,-3.430148099736689,1.6225431283365326
0.815732434562178,1.5251003340161573,3.0319980848321064
-2.435683795617788,-0.48788031625136746,8.367887571672085
-0.2042878577470835,-0.07832194430995652,4.862819776886582
-0.17408927211520903,-0.5060886837087656,4.1926902296654305
1.3121666350684902,0.8878191673651279,4.8322933052259724
-1.0606615464644296,-0.0015558940430644471,8.148398223753826
0.18405541207418227,-0.42288751142898906,4.988508010558942
0.4684646520787393,0.12509437249339433,4.48530040328582
-1.01871036737899,-0.27572303856716646,4.073335960401171
0.1027184402637154,1.9752512955624808,5.133918008756842
0.24294787968408124,-0.26112381015611597,5.784584064210499
0.7857043892626544,3.2984540177255433,-0.7384618604782679
0.10666131109003112,0.10699900071493791,3.639024134926264
0.5658582532935579,0.13807848082161361,3.576991235493146
0.4020888270434544,-0.19673211503843843,4.712480247663248
-3.291089447277502,1.8969405100861985,1.0288940976762664
0.012186245184722687,0.19497884721822595,3.579529855919943
-0.2469921206321248,-1.1875901122160641,7.513974345545522
-0.887170258922189,1.804661818954012,6.439228813204455
0.34844215000458423,1.5120740976848688,5.985083799874354
-0.33696334381749476,-0.24371071184851545,7.2839459352970986
-0.07870923625247493,0.5954568908438934,5.94770641029913
-3.063124741745386,-4.245403281113647,4.087549693104133
-0.12744313076374664,0.21426413498699637,4.822127340675822
1.1859668880817842,0.7458620324123756,4.909276250082278
2.2136524410462055,0.37619203338491614,4.787887034908373
0.1981733440278445,0.10710890564841384,3.7494818065406452
2.889283891580404,1.2438822291873852,6.647583219815857
-1.8002107372434304,1.1586428491998304,3.602865390488849
-0.6963705273655548,-0.895482119468997,4.141172232763645
0.6209631190586715,-2.1162077544049285,3.032091488509368
-3.4128522638937606,1.5150094830336318,5.541359218418051
-0.1961987049107232,-0.05074135874298412,4.098332758002919
0.32429365098447527,-0.20888984300826902,3.4013823987580962
0.2963254427455053,0.02139656336560884,3.835527239785678
-1.456783109427927,2.4044877989044644,2.3300837595610324
0.7672942492585408,-1.1433702120176872,3.129142072923036
0.5037538511712092,0.4994070266980484,3.8682939038842896
-0.4269659359085378,-0.6967406388067573,5.029901229478243
2.2034204227984846,2.5622771724622058,1.8571658551360821
0.831544448477648,-0.3189839601145234,5.836450411490306
0.0929683113240278,-0.1611940047155991,6.100844072624773
-0.01418914380991518,0.3677610366523414,3.531031897570061
-0.19222472250021408,0.18570404431323212,3.7455173587391632
-0.17271931903583998,2.911088543115076,4.307768546827654
-0.08285197068596134,-0.058419964809181275,3.967969433463923
-0.9658538293308513,1.0906603098692784,3.5502785084674637
-2.172675760774693,-1.913820056190896,2.8043467846385357
-1.5908000250818277,0.8452734605026094,5.140806586066742
-0.07518113716895447,0.3530966950405332,4.532271691032475
0.08335887829144056,0.18286563730943114,3.791485751178429
0.2496147677692416,-0.0404184161294903,3.4773049794395585
-0.13461744379043475,-0.4224356141277929,3.6691338828005313
-0.480496842262141,1.5439404667433234,3.5386709043845914
-0.33173819081454053,0.20805526450486184,4.6776149396126705
-0.1615086815017241,-0.32138690762135297,4.450074881177905
-0.5864311010410804,-5.262876135185454,-0.15481683499161242
-0.3844550827714004,0.2572307082759916,3.394336287671721
0.31824522415077533,0.3544391735376094,4.171028464983336
-1.1204476130625487,3.902535322909389,0.8651741085447272
-0.38044507873439765,0.6386867019050634,4.796038605072138
-0.21430395823537832,0.07843723440561534,3.5701887342349807
0.9650176693969509,0.6479558705912806,3.8616626680906347
2.172910610135493,-1.5097441520499955,5.615350972211596
0.5689334775645661,-0.6694836655959872,3.703368829776805
0.9852439374133074,-0.4203030737238914,4.486581027062375
0.05535248100883858,-0.15290227244692572,5.4751464001610755
0.23565238818559314,0.028968046523076347,3.787682218350362
0.14409684593517663,0.22838679679412807,4.433299316826044
0.06421496794940149,0.11187698959490104,4.834314606121431
-0.24125495524740653,-0.5078223473513016,3.6541967489130993
0.7707182574889737,0.6433269701300501,3.607847464146354
0.103273864775906,-0.9189746121909542,3.3497876821229555
0.03834809703178756,0.0021242822877750814,3.494618980093593
-0.45567991863335083,0.31846656436174453,5.395674411443592
-0.2155333221158689,-0.014436961156872201,4.261433318281166
-4.848840458999359,-0.03410153805970262,3.5568734044705064
0.6956506316877518,-0.8137353504172992,3.604985952518002
0.6127012087848036,-0.5041370373996399,4.423754783337063
-0.3761245438497194,0.42389893505538156,3.558883739450843
0.16411749616274215,1.924459763646723,6.7068859922357476
-0.2846127097850074,0.9057523651124811,7.370170382075313
0.3518766720939328,-0.8490345810872787,3.7763866429380903
0.7224311984414287,-0.7458299179295115,3.829979889275437
-0.395166838516667,-0.6966482858021092,3.6418872790836057
2.269676327815074,2.0053918761393383,3.14683292582737
-0.11102529621663235,-0.020327337379587338,3.444848335387671
0.48676014560735964,-0.10736109447377033,4.835510481256843
-0.050451606719732485,0.2485482305603594,4.00040110114952
-0.19731856683540683,-0.055544232281825895,4.839304715816042
0.4146581646705315,-0.2656903479135786,3.5976066478148567
-0.5098244049157693,1.0850168392264785,3.8653873970523747
-0.43976802461836706,1.0051937382655043,5.2224418398658345
0.2112545016063686,0.00901919959615761,3.7759109884248803
2.091997186857713,0.22880331624214803,5.042000765787313
0.27190085372269135,0.3597641100584141,3.6135719016071493
-1.1142705976160105,-1.5883790856127733,4.8037235186369305
0.5140380423150712,0.34347156232718185,4.522098458052111
-0.30219828841622814,0.23327232252789476,3.4828942576620356
3.248580506592697,3.759963157302803,3.374399353777103
-0.6763235506483138,-1.2999281172040804,5.2978241249159375
0.1226470829920254,0.9471648476750577,4.227060476768859
0.06543160302379776,-0.12530848451341042,3.5833691154810983
0.46435062633928864,-5.005366679825044,0.9159014516107531
0.29979785053491237,-0.4145832234355021,3.8335482221269124
0.27552402257940395,-3.206323193137881,1.1111931395665904
-0.7961908127768849,0.8303657227767107,4.460842308726319
-1.17427050884179,0.9004481068723439,3.5029214133782993
-0.7028113999322305,0.1849410756841105,4.912754557569722
0.05919413522099486,-0.08946468458209442,4.307191201162653
-0.2678482901414325,0.1237619746631375,3.458551459580538
0.36919769562050336,0.23505324313162126,6.739445603484859
0.3240735597331974,0.13794769723847894,4.265871496901215
0.1769564889623226,0.9473269504625047,3.650245557905392
-0.1449814710240706,-0.24655294487686794,4.944828898808909
-0.8154874911348953,0.10668116113877077,3.8740649798453313
0.08872880784848146,0.27986167017945596,3.5648755966654053
-0.17612351690572206,-0.4761031863504939,4.38957858086727
-0.1850293888208356,-0.6366104232722555,4.034875850096265
-1.1432920092910341,-0.9728892715370656,4.150260268203904
0.31955727520319627,-0.05188670831148862,3.5443859669200526
2.109090380938812,0.7394543174708156,4.0441467526882375
0.9902176101218556,-0.4256595333934103,3.545870107774324
0.5438583974032145,-4.1137316243345845,1.9229825965686032
7.859155337663059,-1.3099678719987289,1.1414522156465845
-1.0416386817642849,3.082800588254023,2.589036485819271
0.6705170876072144,0.12790886715058325,5.278576011009904
-0.18643376650096385,-0.3317926165464617,5.000558532371357
0.19941243558808716,0.15996638867435967,3.462365616629007
-0.12597931306206472,-0.2615812567062626,4.125007793787637
-4.910471653000348,-0.8378213938016589,1.0750704842169074
0.3661027525198945,0.4771191857287094,6.051216947160607
-0.03117456236063708,0.46457369426508915,4.540068032760848
0.2995268409088589,0.3505935763909693,3.8127572222767303
-3.301500160847208,-1.4161928127298151,1.1172265887012744
0.01995134548320813,0.16693498398363057,4.019095643743353
-0.34657430170328324,0.1758741540186955,5.528730425117908
-0.40282093070510494,-0.1193227577526117,5.286118382028273
0.0050778000711742466,0.22846421411087384,3.4374073650532795
0.7107589773195712,0.4000209573486936,4.327278777796541
-0.46568833894620415,0.9027980872581823,3.759188727945942
-0.40022305743285397,0.10341186624753444,3.6422455023223588
0.48476542637763925,1.1980030814913107,3.4150327505677147
0.11137633298928093,-0.3308121199265557,3.634813151105641
1.470404789654991,-2.070896825146574,3.472018011869562
0.17090079062193037,1.3936966422521395,4.438519164091445
-0.2766423703997467,-0.5162679687362501,3.9654735945851276
0.17846300679087929,0.021163057741201124,3.7823189482479607
0.32350693456692836,0.6620869301287078,4.86075430020143
-1.3767630732897351,-0.33428333195268245,4.388866941557534
-0.5496812564244784,-0.4255051205031649,3.3493090349436283
0.03798918567128113,-0.342654151215452,4.959877413839316
-0.6049439574847875,-0.055102973269196436,3.4621125172640297
-0.0356460302544284,-0.09889455538792165,3.621845785356814
0.25174309770989267,-0.4834237796456981,3.624739846868246
-1.332031328478379,1.8377851248607457,2.6073712247316103
1.7466302710384722,-1.4223920287462115,6.187895905576688
-1.2058160727396665,-1.2561762422287759,7.595797717719212
-1.4132459708119482,-2.634321411876175,4.532717133770377
-0.09532120040871453,0.22102702886853948,3.485543279003679
-1.6631077159113772,1.720181428095249,3.8375352201899116
1.5981059432586144,0.8722176925892583,2.939471875791239
0.9725959609608966,3.6884177464290553,1.277697003875865
2.212512931251065,-0.6378158673322272,3.487265225476449
3.1880366880391042,1.1025574078205465,1.1829542191939988
-1.0314858763404389,0.3107776214224658,5.678516655900649
0.03474324845003952,0.41284385533397777,3.414243609773508
-3.735812526543896,4.028292794143932,1.569945079337468
-0.10214024585927836,-0.18886421640932693,3.5209312899278284
-1.3601066735345435,-0.2744189256525426,3.251170535803754
-0.39102331335400514,0.010673597467966063,4.412675200396597
0.037661892848267584,-0.035618109796190185,3.703594320232579
1.4444415778408928,1.758697687228717,4.973226817544536
0.6274672053111725,-0.15750193095432782,3.8648960910956136
0.1059171763331187,-0.04066645724857419,4.542821747703279
0.2776157036264641,0.16327161868996395,4.209646039283847
0.3488194033936023,-0.15694894585954672,3.658612903596827
-3.317276398909707,-0.8569751881134381,3.3294098946665684
1.242206614176662,-0.04522864173023092,4.491918431610766
0.48186639576711704,-1.5780705300992177,3.161016594066193
0.2904173830849396,-0.5143892397310239,3.435842501083319
0.4970302006375173,-0.12361226130125878,4.789972567789922
-2.450462464877574,-0.3965282913286301,2.52820343419728
-4.475954972545032,-0.3060752212058165,0.24080098499672017
-0.41489718576008083,0.15456516958943528,3.403124027493635
0.2342388130740189,0.06697532611955938,4.083190126201359
-0.49724080935137344,-0.5623924128199274,3.493799455701481
1.0150976432854157,1.4894511587487158,3.1509381555407834
-0.3817427348177419,-0.45831383299607886,3.485941249452846
-0.34443490839821234,0.6297318510364885,6.302920430454896
0.5313710449379234,-1.134373440955227,3.2217963139411117
0.12199891268489174,-0.5247203353140968,4.0768517829261075
-0.21921846437167455,0.22626745132615195,4.06250642606074
0.32022852447849937,0.006474537564335278,4.043118883731671
-0.3117989604477474,1.3309601358104177,3.572834064463902
0.5620398533228901,-0.05017325451229495,11.622192488912956
-1.6186589463084677,1.183350664165081,3.4825927420179537
-0.10723131472766304,-0.051956793147195715,5.251280009527766
0.27748718652190996,-0.06489945423408355,4.029662146108263
0.5769907870513817,0.17533264832502635,3.6109856467390036
0.8019481149111505,0.16165409586090854,4.273051928586906
-1.2358745695384317,-0.6985403313599764,5.943858229793257
0.06584065722610916,-0.27217855058157675,6.809733858624895
-1.3764344909575759,-3.3910051834718757,5.126258340571044
-1.5014552209140715,-0.3263150175412483,3.5974559179665295
-0.32335022334179103,-0.9283756155327418,4.310717247494441
1.7162633975275157,-1.9006261824126798,-3.9748824215210896
1.2412473302854306,-0.5868332673454639,3.131861896178257
-2.2108520716587523,1.9485942272404944,3.564644863734415
0.0193233056404006,0.02566258480430951,3.51499418042379
1.3303255383661525,0.22456161904530722,4.319456753128862
-0.6981360400513118,-0.3702960333745013,3.9507586060297317
0.2833556323411111,0.07523882182438936,5.2678442704365365
-0.10722975012148368,0.15435061639059447,3.5007918289236066
-0.06774312183995682,-0.3986231951273739,3.8742092889975823
1.5485528110713231,1.2172772927083932,3.2884794827155455
-0.06710505109932471,-1.052674637976683,4.004390679865407
-1.265177777896175,2.134497022496852,4.817070711443031
0.38044333319248197,0.21985932401558436,3.616876865716896
2.361522519129266,-2.4169064771361155,3.3726495245943906
2.74707783038486,0.9712738559737687,5.2495426178867195
-0.3222696886327554,-0.19759588547063997,3.710205487371547
-0.39621994411030487,-1.3743572697452537,3.625021177008429
-0.06166468298379948,-0.34849844551641945,3.9324591317788387
-0.8182213792296696,-0.6814481617512709,3.6556238797011744
-0.13907240106181493,0.05845323766050134,4.584972832540995
1.1045039907665044,-1.9164153690680905,3.0450140954187828
-0.30821652435709745,-0.8947339604506265,4.610106334197054
-4.3188495761883,-0.7960220048172288,4.566671332094251
-1.116059924625579,-0.8749901029066044,4.702695040274322
-0.2055284684508769,-0.049674560835438246,3.5878230688251644
-0.8456388055897452,0.61393171522002,3.362704658427237
-1.2246182003680213,-0.8371529731384504,3.1543879475094356
-2.2371567740013543,3.019674253386893,-1.106029417162045
-0.18362943789602257,-1.102528986037518,3.9519732451119767
2.1863548802666637,1.7931289847202445,-3.124794381968635
0.23416043098850686,-0.016788547698505747,3.5543910440238005
0.5441262523223849,-0.29988189512841124,5.378168904288212
-0.6828813632267431,0.3193028467429675,3.4301500403687566
-0.725805888363205,0.552431774556586,3.7197823429755816
0.2492389511465433,-0.35335927659006355,4.059658189059686
-0.1318945653309165,-0.022085665196088913,3.427791239766469
0.005782345846460741,-0.10031523036261521,3.7434687032712746
-0.17962674728675485,-0.32978139945768736,4.281550235968608
-0.9984256628463549,-1.1503972048371511,4.584961543439823
0.1529778113277611,0.6950651859274319,3.970821955381627
1.1532634771178405,1.7305108447236819,-3.2197740758766407
-0.23944217362048836,0.01707566609614597,6.320596987167822
0.23921214392174675,-1.1174140921704168,4.421399756625728
-0.25619894308439506,-3.837241027878346,5.2389081258798695
0.008416482730651079,-0.14524866399917355,5.424943520072528
-0.026346644509396982,-0.05287585822470096,3.747013450684315
1.4569158963882896,-3.2812413529992086,5.2060566362206675
-0.8072787704627715,1.6451907265636512,6.780924529206533
0.2480979551061553,-0.3705049878800409,3.4298517579010133
0.007177746814337919,0.25307063743052394,5.32364287125962
0.5396757079455387,0.1252887649313096,4.941270662753159
0.7424245479228543,-1.456122488396775,4.7833259052128225
-0.06525800950844679,-0.13894704519250226,4.372424014409075
0.18752778873608925,0.19087585659067152,6.06925429485746
-0.08064483046325978,-0.4751741229402291,4.562712853391795
0.22518104259127694,-0.5498644878972819,4.799097820297895
-0.13437785501965055,0.13173744756626043,3.801680289542262
0.47586593602034855,0.2639442601087764,5.638157318022722
0.39918191623851956,-0.708138204950357,3.3535677550770853
-0.43502088110434306,-0.28481284026991993,3.74460226201957
0.6569867785933244,-1.478766602764714,6.5734311625794914
-0.41880469698896877,-0.031846973796513744,5.265340286521802
0.13564926977653446,0.7377093092808557,3.695696052088871
-1.0923228867133372,-1.4211438499184037,3.1636982606979163
0.2369923327110403,-1.31014901700943,7.960437841611033
-2.7466059577473136,-3.023846341585912,1.4927368932837282
-1.0366187621214158,0.3173631257734497,3.299431900635271
0.6714779982350499,0.4487984282710513,6.643745721027451
0.11044919361850533,-0.3749011851342947,3.5724369848717843
-0.19342844535347992,-0.792715587979447,4.690138922885763
0.29418745623319664,-0.6768156359362673,4.619272659517794
-0.39573145097365864,0.4464717196363735,3.7957699476663636
0.07081796428896549,3.124429450266739,2.073796157614282
-2.0084515383695836,-2.434447771278538,1.8708625757397128
1.441102595190164,0.6259944832057379,4.576269694159369
0.3575835594944067,0.22691104852205063,4.515972737148761
0.7110553050956232,-0.7735008582148676,3.38333358133967
-0.16616489837227524,-0.3161756586497065,4.038290615001047
-0.02532740004752669,0.15324794917399762,3.4309114869296775
0.559921733372637,1.0633604831584622,4.611798678253914
-0.5568007306834032,-0.8057647745683282,3.8416007403671446
-0.7650951261703549,-0.6174569446428545,3.4509417938505456
-0.8672014434217924,0.5704145563585237,5.060798114417944
-0.03361698780355233,-0.4581381844838847,3.6955050794064745
0.06391036639966859,-1.9489130228670806,3.366683020302372
-0.6119531770705542,-0.00287712368803718,3.424254003135985
1.1404086371887008,0.9516716318173256,3.9851849285482865
0.41445224626203886,-0.8894139766834857,3.6517963860140585
0.885835369013898,0.46991446860346775,4.598742959036155
0.5990638578474659,0.6315814930411501,4.401841825457102
-0.08512028089994118,-0.3295450069478437,3.9947996168086943
0.28752025859499347,-0.7470731078097547,4.009606202466498
0.24366689931483065,0.11066979249563708,4.552778008440155
-0.017217090250666426,-0.08881384726389295,5.1076902813938885
0.21170522781335438,3.498024945358659,-1.1506870116258192
-0.15795805749504982,0.4748656572613704,6.584905545412026
-0.37729103273661413,0.11310478200839674,3.4624648294946345
0.10202841121999183,0.207324011969281,4.7170524422259
-0.39506585579361553,1.4144458935332551,3.2723950183073267
-0.3147034336097961,0.34565808984000235,3.935340179030012
-0.32978556827109917,0.002632859383983565,4.992545234661394
0.09134988532572763,0.3239748570531144,5.098828633634675
-0.8572875652474427,0.02158595630925565,5.232961356711417
-2.897709503389545,-1.25950953656676,1.5560702568707414
0.06519398007288854,-0.16230685381625942,3.44351838858159
-0.0039986720727976975,0.044676200854152213,5.820929493945397
-0.7913359264645112,0.23308926673514926,3.4323335399294996
-0.033110236992875526,0.23010312396400534,4.315345139440081
0.9953094675281856,-1.1001581531403024,6.143586530987139
0.16660092983453478,-1.5450286090858603,4.894959041100873
-0.6829536525804234,0.8200109213675314,6.217967187831946
-0.018100159145101952,-0.22749674793497732,6.238162373589813
0.6542861437335453,0.05865648361577853,3.64892722960174
0.05666375284743902,0.1688914302962311,3.5453959917135163
-0.7166305141974515,-0.39851019060432025,3.9184983557839375
-0.154816521585677,-0.20796129531402782,3.5374884812483858
0.09514298935081082,-0.5915489579162202,3.627894001499648
-0.19197397053316706,-1.108769191465154,3.359755769022145
0.30795817938756276,0.12268995409504399,4.085048328753948
0.0456909534991199,-0.10069416788991363,4.348469176966173
0.13916695352790073,-0.0774318730617547,3.6480482828989236
-0.33401345389788,0.32714838496844456,3.744558416846579
1.5133679108192373,2.029579680388318,4.6551748297581454
