result,sign,count,log2
14027247718074,1,13,44,51
5411200103916656,0,15,53,59
8640006549776776,0,15,53,60
2105229822659928,0,16,51,58
16247805930442188,0,17,54,61
4043286052332891,0,15,52,59
17721796186376404,0,17,54,61
674190366526529,0,15,50,56
39583036876612192,0,16,56,62
14042041482270684,1,16,54,61
3518063486662519,1,15,52,59
6258401679822316,1,16,53,60
20942709382901664,1,16,55,61
5321478024188569,0,16,53,59
27770994975293956,0,16,55,62
5896133057828861,1,16,53,60
8940027484347735,1,16,53,60
3351549683579319,0,15,52,59
360991755511612,0,14,49,56
7476721460310101,1,16,53,60
4596873669885665,0,15,53,59
1298808592979783,1,15,51,57
11980255529908984,0,16,54,61
5080818662222866,0,15,53,59
359071015907392,0,15,49,55
1587823220773745,1,16,51,58
3827868266017589,0,15,52,59
10424028502913264,0,17,54,60
76973797050416,0,16,47,53
5049751787539491,0,15,53,59
6886156108977861,0,17,53,60
24842706522214204,0,18,55,62
4639366959444043,0,15,53,59
2402800422775373,0,16,52,58
2829629912940087,0,16,52,58
4031305736818509,0,15,52,59
20665684979507696,0,17,55,61
12219529299383478,0,17,54,61
36113725214061552,0,16,56,62
5399502304851278,1,16,53,59
33931616688833524,0,17,55,62
3390168674100465,0,15,52,59
28135576883378944,1,17,55,62
2695559961374091,1,16,52,58
3606491471468597,0,15,52,59
3226840063740723,1,16,52,59
30996506273411404,0,17,55,62
4699767131013031,0,15,53,59
171843286082479,0,14,48,54
3725849396927378,1,16,52,59
6585588750327014,0,15,53,60
25871667291594056,0,17,55,62
17436422202681138,1,17,54,61
4033930698932132,0,15,52,59
4978218939254316,1,16,53,59
1848343414422852,0,16,51,58
3921402832632076,0,15,52,59
9169430410962436,0,17,54,60
8547163680849356,1,16,53,60
5388658355772996,0,15,53,59
18989983578937436,1,16,55,61
23388693897608624,1,16,55,62
8960421868946242,0,15,53,60
5219859159730381,1,17,53,59
8409195551546099,1,18,53,60
5318819872837768,0,15,53,59
2370423970438934,1,15,52,58
2498078335466313,1,15,52,58
4210500167553429,0,15,52,59
28931717900122144,0,16,55,62
2220686461982055,1,16,51,58
4336030817362275,0,15,52,59
6129919344910175,1,16,53,60
25813503773192856,1,17,55,62
5602147429120634,0,15,53,59
2259012215631632,1,16,52,58
17011144394788012,0,17,54,61
5447407485476195,0,15,53,59
1117863057934139,0,16,50,57
879065354056078,0,16,50,57
427422487648142,0,14,49,56
3766779204101694,0,16,52,59
30559781960832024,0,17,55,62
40532267084751656,0,16,56,62
4803702862162438,1,16,53,59
7515181859657252,1,16,53,60
4544498833294975,0,15,53,59
84471646336221,1,16,47,53
1380017730367868,1,16,51,57
4170154785247313,0,15,52,59
380782001253761,0,15,49,56
1591078310266261,1,15,51,58
339780932506274,0,14,49,55
169947248403041,1,16,48,54
1790781956298388,0,16,51,58
36360227464319328,0,16,56,62
1120906067022861,1,15,50,57
4973360599990509,0,16,53,59
32606804833109404,0,16,55,62
3968777844778571,0,16,52,59
14326487723611452,1,16,54,61
31219991478424956,0,16,55,62
2076394354465307,1,16,51,58
6275893267742782,1,17,53,60
40401274603226928,0,16,56,62
588656715351229,0,15,50,56
386461187482733,1,15,49,56
3440120920882136,0,15,52,59
282439853132018,1,16,49,55
42558727928754672,0,17,56,62
34437810576651004,0,16,55,62
738962058980668,0,15,50,57
5834009482544708,1,17,53,60
5862832746545746,0,15,53,60
3647662852114735,1,16,52,59
1675757240855626,0,16,51,58
38164375115559224,0,16,56,62
11227930638397824,0,16,54,60
8305900419464856,0,16,53,60
6550711653039478,0,15,53,60
15635132450313064,1,17,54,61
1985070912820697,0,16,51,58
3864205136468091,0,15,52,59
6558534761624815,0,16,53,60
3648721063560165,1,15,52,59
34160274389997244,0,16,55,62
93594170426246,1,14,47,54
5794462599675764,1,16,53,60
5441322934813243,0,15,53,59
3261433900162217,0,16,52,59
30964802975031244,1,17,55,62
452462649647963,0,14,49,56
834157221484953,1,15,50,57
12413064558556424,1,16,54,61
3992497992773235,0,15,52,59
40697401749495224,1,17,56,62
703477716835621,0,16,50,56
4586547806059759,0,15,53,59
1259699576158501,1,15,51,57
7681102258679445,0,16,53,60
3143022652975205,1,15,52,59
7536966234766698,1,16,53,60
36104451256123056,1,16,56,62
44889722352439928,0,16,56,62
8452750887493358,0,16,53,60
9275150490832076,1,16,54,60
6134163603252848,0,15,53,60
16488910634829424,1,16,54,61
9126890332405568,1,16,54,60
4183822493186789,0,15,52,59
21357138322086204,1,18,55,61
345951942606789,1,15,49,55
341506350934146,0,14,49,55
21149898610066704,1,16,55,61
772529065186117,1,15,50,57
3488433625311834,0,15,52,59
1240342594494923,0,15,51,57
14710468015218878,0,16,54,61
5689001410766085,0,15,53,59
3889742894741849,0,17,52,59
6450312040954861,0,16,53,60
37457310078111008,0,16,56,62
4811298729920719,1,16,53,59
18823395148120256,0,17,55,61
3987826294430415,0,15,52,59
1238258975537118,1,16,51,57
218799438591855,0,15,48,55
6664840124646061,0,15,53,60
1389686547405818,1,15,51,57
21622550025392796,1,16,55,61
4489286842249276,0,15,52,59
528545002294438,1,15,49,56
1434585797786603,1,16,51,57
4313117678988845,0,15,52,59
614961094357957,0,15,50,56
6125530262087842,1,16,53,60
5408531971485778,0,15,53,59
4053335984794809,0,16,52,59
3976371831802501,1,16,52,59
4092595843160136,0,15,52,59
8826772522977978,0,17,53,60
5247579070814618,0,16,53,59
3371230022186612,0,15,52,59
4680606540003791,0,16,53,59
90283015180515,1,14,47,54
3476558030960882,0,15,52,59
2429215543690141,1,16,52,58
4133400881524521,0,17,52,59
4538206540914993,0,15,53,59
22350136906505304,1,18,55,61
4348443437121186,0,16,52,59
3729199750960956,0,15,52,59
513175961288482,0,16,49,56
16293762215611722,1,17,54,61
456182648064416,0,14,49,56
633563445268023,1,16,50,56
7766073210104161,0,16,53,60
4019757666932878,0,15,52,59
21894655826360476,1,17,55,61
5237733015384624,1,16,53,59
3876195652367134,0,15,52,59
350310680446996,1,15,49,55
5089632173345389,0,16,53,59
39813073121337576,0,16,56,62
2579378908004744,0,16,52,58
4083236405540839,0,16,52,59
4754350318332306,0,15,53,59
2304974433440468,0,16,52,58
27545372837998096,0,17,55,62
36926559972147776,0,16,56,62
48594748333227,0,15,46,53
3605091811372459,0,16,52,59
3899554865852226,0,15,52,59
4770276707998163,1,16,53,59
6704794674292412,0,16,53,60
6461492620218415,0,15,53,60
26766244870895956,0,17,55,62
24757151980563096,0,17,55,62
5448797638576616,0,15,53,59
1925703811457078,1,16,51,58
184672581080676,1,15,48,55
41610870207367808,0,16,56,62
17172924407468096,1,17,54,61
5769263883268068,0,16,53,60
4596950882416626,0,15,53,59
2460570571842167,1,16,52,58
1303915636282089,0,16,51,57
3390948772834307,0,15,52,59
3318779868543137,0,15,52,59
186853154389036,0,14,48,55
15848662704178712,1,16,54,61
25123992991483196,0,16,55,62
16637393220830762,1,16,54,61
3912463559752112,0,15,52,59
27139668520369196,0,17,55,62
10004132588934242,0,16,54,60
327047858183879,0,14,49,55
5025001068001694,1,16,53,59
8342965926834839,0,17,53,60
5811646271493898,0,15,53,60
1437797804748758,0,15,51,57
271003814866877,1,14,48,55
17431629861107172,0,16,54,61
3109799729696165,1,15,52,59
4857295449683856,1,16,53,59
14654726083091136,0,16,54,61
1049690539302956,0,16,50,57
4527225496437371,0,16,53,59
355816279926807,0,14,49,55
6895867589011938,1,16,53,60
6557896904407074,0,16,53,60
36782187802628528,0,16,56,62
8081632711937206,1,16,53,60
1189780580175869,1,15,51,57
6699793369329385,0,15,53,60
173337019142579,0,16,48,54
31585943183968904,1,18,55,62
4150189529602289,0,15,52,59
6915849410029524,1,16,53,60
11553889761029528,0,16,54,61
3573864341650076,0,15,52,59
6405989798453848,1,16,53,60
928061633240029,1,16,50,57
584515243477621,0,14,50,56
7884877005734861,0,16,53,60
1285997337111376,0,15,51,57
4737293289738499,0,15,53,59
1457223327142873,1,16,51,58
6834661567320751,1,16,53,60
4184886830146407,0,15,52,59
1304302584247779,0,15,51,57
13727846750691012,0,16,54,61
33006033870040244,0,16,55,62
42951620076944776,1,17,56,62
4175373682956054,0,16,52,59
4257674418942964,0,15,52,59
17395852469856738,1,17,54,61
2436749403151035,1,16,52,58
34359144541658476,0,16,55,62
754296435968324,1,16,50,57
19681782213322236,0,17,55,61
34303421467001224,0,16,55,62
19998162880043396,1,17,55,61
1777837497375366,0,15,51,58
3945019224182556,0,15,52,59
5021993446230578,0,16,53,59
4685953026766236,1,16,53,59
4641702582519716,0,15,53,59
10696041827791688,1,16,54,60
4902216697866555,1,16,53,59
5481438116328062,0,15,53,59
307032477555204,1,15,49,55
928117843703124,0,16,50,57
37614890201835872,0,16,56,62
439133130030178,0,16,49,56
23408373322352656,0,17,55,62
3833821333065881,0,15,52,59
44428558607977496,1,18,56,62
17887268883571376,1,17,54,61
3744101403588235,0,15,52,59
4711530452292887,1,16,53,59
12801611384492842,1,17,54,61
4156038407906905,0,15,52,59
14503748686971864,0,16,54,61
16638756096819296,1,16,54,61
2730122990380407,0,15,52,58
259907385423639,1,16,48,55
2309674950592485,0,16,52,58
41894054620811576,0,16,56,62
18974036385785296,1,17,55,61
3835592091632,1,16,42,49
5082940117965155,0,15,53,59
751591700892702,1,16,50,57
763142228726457,0,15,50,57
3993164322119275,0,15,52,59
5351863053636085,0,16,53,59
72317481830294,1,14,47,53
5552274483265441,0,15,53,59
1338718418899373,1,16,51,57
29222093262403904,1,17,55,62
6025487750551132,0,15,53,60
17978521373137476,1,17,54,61
2000398077753619,0,16,51,58
3785641515523743,0,15,52,59
38070854552867728,0,17,56,62
7643994337985611,1,16,53,60
4930965729361641,0,15,53,59
8257061464570782,0,16,53,60
1514717624423992,0,15,51,58
5270152624362785,0,15,53,59
2280940946733512,0,16,52,58
35924005513991724,0,17,55,62
5601073893405112,0,15,53,59
2172856422082862,1,16,51,58
12677852482483848,0,16,54,61
4580333672898628,0,15,53,59
5688430110337696,1,16,53,59
815167657680442,0,16,50,57
40616820517492848,0,16,56,62
635337949974728,0,16,50,56
663916242077477,0,15,50,56
342037115332814,0,14,49,55
70496557018754,1,14,47,53
790387424778717,1,16,50,57
4450219693951569,0,15,52,59
2413350221202437,1,16,52,58
176634697626359,0,15,48,54
34279091181356404,0,16,55,62
2506326623251801,0,15,52,58
5642896199751411,0,16,53,59
4972624427941069,0,15,53,59
999793995788549,0,16,50,57
186021149551478,1,15,48,55
43073327920637504,0,16,56,62
10052673754742678,0,16,54,60
821844073648966,0,15,50,57
3895387295016671,0,15,52,59
18368035044902876,0,17,55,61
7301803131572985,0,16,53,60
34703113585790596,0,16,55,62
2435517961491391,1,16,52,58
690769642866864,0,16,50,56
4531768761611469,0,15,53,59
945200899305445,1,15,50,57
10208323373489372,1,17,54,60
5329061755326613,0,15,53,59
20914449299204164,1,17,55,61
3007991757891337,1,16,52,59
4480762588202989,0,15,52,59
20221112536025512,1,17,55,61
2282512378838658,0,16,52,58
3542834356037574,0,15,52,59
41787230080825776,1,17,56,62
6082946346672191,1,17,53,60
3730034806315999,0,15,52,59
40004961378437192,1,17,56,62
1090508033248451,1,15,50,57
5454192733771124,0,15,53,59
11787041799797562,0,16,54,61
7849821713563202,1,16,53,60
4797754123421066,0,15,53,59
5365508345086099,0,16,53,59
3277562249318191,1,16,52,59
4760872048654809,0,15,53,59
5451009989461582,0,16,53,59
4939456763608886,1,16,53,59
4823056754567603,0,15,53,59
7424661492779589,0,16,53,60
6247462604330864,1,16,53,60
463957077670123,0,14,49,56
3202050643152666,1,16,52,59
765009568929919,1,15,50,57
5804508465738682,0,15,53,60
1326495553200786,0,15,51,57
6114911665041601,0,17,53,60
3684177032551505,0,15,52,59
6245312457791395,1,16,53,60
5668097753301308,1,16,53,59
39898013215400272,0,16,56,62
6117673300264741,0,16,53,60
36043443054385304,1,17,56,62
4789811923571664,0,15,53,59
17672053869953248,0,17,54,61
4659878349875995,1,16,53,59
3402164135538472,0,15,52,59
9797389104652202,1,18,54,60
2719389853840259,1,16,52,58
4313495751722026,0,15,52,59
27214179296068576,1,17,55,62
4882183755421889,0,16,53,59
709498048631834,0,14,50,56
27619460424840644,0,17,55,62
23247762685461176,1,17,55,62
34089328081984744,0,16,55,62
11950120188207628,1,17,54,61
15796856514899844,0,17,54,61
5864851128759061,0,15,53,60
135702714883621,1,16,47,54
204672184007822,1,14,48,55
4867049930478068,0,15,53,59
6500652418783436,0,16,53,60
10523504842398376,1,16,54,60
3635064698325679,0,15,52,59
5175657966159821,1,16,53,59
5507856728447189,0,17,53,59
3899952425121162,0,15,52,59
2399195722130266,1,15,52,58
9802022728713832,0,16,54,60
27214500781598844,1,16,55,62
223503471549445,0,14,48,55
18222530628809544,0,16,55,61
3790899817570375,0,15,52,59
724361736615222,0,15,50,57
25137717645705996,1,16,55,62
4465341584108391,0,15,52,59
20894316140903076,1,17,55,61
2699244687340243,0,16,52,58
36630425187929304,0,16,56,62
7402292878902269,0,17,53,60
7574280146341919,1,16,53,60
7979610497505444,0,15,53,60
265164270527929,0,16,48,55
15516600791489678,1,17,54,61
6215702278169875,0,15,53,60
36909663950428008,0,17,56,62
3977512345494244,1,16,52,59
3604558127254575,0,15,52,59
37634620884045808,0,18,56,62
4176113965007496,0,16,52,59
4210437329670825,0,15,52,59
4339517752179681,1,15,52,59
29401769841097376,0,16,55,62
30688552605917304,0,16,55,62
20165263130670284,0,17,55,61
11079097015306612,1,16,54,60
589033063058582,0,14,50,56
5501424539095606,0,16,53,59
5238828464343829,1,17,53,59
4084278286701447,0,15,52,59
25597635695471344,1,16,55,62
2263979439109289,0,15,52,58
4983907119947747,0,15,53,59
11039545138198642,0,16,54,60
25632825241454064,1,17,55,62
450109459404847,0,14,49,56
10181327125357438,1,17,54,60
842142488969356,1,15,50,57
4468611206454207,0,15,52,59
32738417072414304,1,17,55,62
2310824106492789,0,16,52,58
43015752953064408,0,16,56,62
18892717712794288,0,16,55,61
1708894559421663,1,16,51,58
32476452458295176,0,16,55,62
11740495210009456,1,16,54,61
14324190748935276,0,16,54,61
3484499588631425,0,15,52,59
19132525953037796,1,17,55,61
3064649618485193,1,16,52,59
41284240886922696,0,16,56,62
4267906904290981,1,15,52,59
6940830184396685,0,16,53,60
32326010857890656,0,16,55,62
25585867834127656,0,16,55,62
38828486910707008,1,17,56,62
6880642557538414,0,15,53,60
8307755254893172,0,16,53,60
8284120649360512,0,16,53,60
38004978668918272,0,16,56,62
8960318537155822,1,16,53,60
998481738490741,1,15,50,57
3199869573958096,0,15,52,59
1284648399764819,0,15,51,57
20941151884036288,1,16,55,61
3839330542737741,0,15,52,59
12100086209677376,0,16,54,61
22230308379031004,0,19,55,61
3409497384238045,0,15,52,59
18127570462381536,0,16,55,61
2830391014206238,1,15,52,58
2763882765853241,0,15,52,58
26416712138171496,1,18,55,62
7149675743259155,1,16,53,60
39442308012898,0,13,46,52
5005411594136793,1,16,53,59
3724795671395344,1,15,52,59
4725095312935852,0,15,53,59
6291881085718244,0,16,53,60
17592210886851688,1,17,54,61
43884042253410496,0,16,56,62
224748374675357,1,16,48,55
20852851123512048,0,16,55,61
729809440159974,0,14,50,57
11952274479849982,1,16,54,61
39586240948082496,0,17,56,62
4536808515786716,0,15,53,59
8159804910216164,1,16,53,60
6784946237360122,1,16,53,60
38785141939164344,0,16,56,62
2634536279524231,0,15,52,58
8714638307565185,0,16,53,60
221057173003217,0,14,48,55
16316902387872756,1,16,54,61
33566038105933804,0,17,55,62
370353051285565,0,14,49,56
2264903970002169,0,16,52,58
8988312476396299,1,18,53,60
3440593393499805,0,15,52,59
8773741308676424,0,16,53,60
5053587865804474,0,16,53,59
3453066884381557,0,15,52,59
2503378761283337,1,16,52,58
3777728951498681,0,16,52,59
5237395934517008,0,15,53,59
12943093791182652,0,17,54,61
22711094459518,1,16,45,52
35487781888498176,0,16,55,62
5337759796065184,0,16,53,59
38250897421058424,0,17,56,62
614380120166246,0,14,50,56
1531523304965701,1,16,51,58
4626511564811342,1,16,53,59
3747551440341551,0,15,52,59
1883966834125584,0,16,51,58
3077814304548069,0,16,52,59
3517545794135781,0,15,52,59
23475745299898536,1,17,55,62
14338652988661804,1,17,54,61
34540433766218356,0,16,55,62
798574945044542,0,16,50,57
13728107299821252,1,17,54,61
409557218780391,0,14,49,56
30443827480074256,1,17,55,62
12482880011365596,1,16,54,61
3442176956470462,0,15,52,59
9222036489311468,1,17,54,60
4225756256671622,1,16,52,59
41394873372306992,0,16,56,62
197280025430191,0,15,48,55
2182965197085355,0,15,51,58
35019361982959744,1,16,55,62
43900604003578344,1,17,56,62
6884241867585369,1,16,53,60
4777743478951659,0,15,53,59
21653490026857848,1,16,55,61
10693115374126864,1,17,54,60
5052311526715718,0,15,53,59
4485878568989371,1,16,52,59
2485732246607158,0,16,52,58
527968804673045,0,14,49,56
14064783469938878,0,16,54,61
14794536108876136,1,16,54,61
28876880888379496,0,16,55,62
4636694473326778,0,16,53,59
1940481231722156,1,16,51,58
639989654015839,0,14,50,56
15552134255476476,1,17,54,61
4138360812315811,0,16,52,59
3411549167796899,0,15,52,59
3971453716622647,1,16,52,59
38831856336736744,1,17,56,62
3395091153484397,0,15,52,59
4797670178526684,0,16,53,59
8252935553706025,0,16,53,60
4725805538463844,0,15,53,59
6852731449399525,1,16,53,60
13344934324928152,0,16,54,61
5881552521085045,0,15,53,60
3121900777597295,0,16,52,59
2012190294194516,0,16,51,58
3431755922585904,0,15,52,59
616961856646165,0,15,50,56
2303507195450566,0,16,52,58
6509740126970274,0,15,53,60
14359429616126778,0,17,54,61
2990074918664373,1,15,52,59
30028422051980596,0,16,55,62
14116735382266996,0,18,54,61
5654710440006764,0,16,53,59
4425091975315316,0,15,52,59
6141350874891121,1,16,53,60
3608793829216381,0,15,52,59
1757344031266644,0,15,51,58
19638966626371812,0,17,55,61
956553515958165,1,16,50,57
4350634529553155,0,15,52,59
16586481220444922,0,17,54,61
10760011053333206,0,17,54,60
3792166881585191,0,15,52,59
9519013220933862,0,16,54,60
10353133312888416,0,16,54,60
3250725067184825,0,15,52,59
8732713866568506,1,17,53,60
4918984989204284,1,16,53,59
7014196450129289,0,15,53,60
1820223532808214,1,15,51,58
12967740029670258,1,17,54,61
3856289394841318,0,15,52,59
5847738015029859,0,16,53,60
15776928190139828,0,16,54,61
3103774601219021,0,15,52,59
2112202461883766,0,16,51,58
2425939452857386,1,16,52,58
3541751364017968,0,15,52,59
2580970624304861,0,16,52,58
7060604055768262,1,17,53,60
5536153705844384,0,15,53,59
4958460866167664,0,15,53,59
10608767064248132,1,16,54,60
2905946218749236,0,15,52,59
1360320941623552,1,16,51,57
7468138625855618,0,17,53,60
39239374129439672,0,16,56,62
7535780923256598,0,16,53,60
13228684104932696,0,16,54,61
3403133694023211,0,15,52,59
7447530188928778,0,16,53,60
22106379210769252,0,16,55,61
3286561328664865,0,15,52,59
22389520653938496,1,17,55,61
16316834956509,0,15,44,51
4345905295274109,0,15,52,59
15078053840479228,1,17,54,61
3050185692304752,1,16,52,59
4873007066128139,0,15,53,59
3749831420109224,0,15,52,59
5665968719402351,1,16,53,59
291691380589664,0,14,49,55
704052357851665,1,15,50,56
7807163115689251,1,16,53,60
7348775899105,0,12,43,50
4144646358066712,1,15,52,59
2653295505874386,1,15,52,58
3260389583111149,1,16,52,59
154936480874615,1,14,48,54
6120493685020675,0,15,53,60
17476007325883428,1,16,54,61
4900374268911792,1,16,53,59
4251153983618934,1,16,52,59
36402617469925752,0,16,56,62
42620292227152376,1,17,56,62
1107281702791699,0,15,50,57
7087064356477588,0,15,53,60
4393186329510235,1,16,52,59
9868070501272378,0,17,54,60
4070472856776793,0,15,52,59
11305966883338752,1,16,54,60
5427187818674212,0,16,53,59
3469682170088859,0,15,52,59
1314177987840995,1,15,51,57
9255787853249392,0,16,54,60
5730340609761606,0,15,53,59
4769768631932342,1,16,53,59
10607570244722852,1,17,54,60
3950788850567328,0,15,52,59
7735337652177272,0,16,53,60
3099047845612252,0,16,52,59
4138015796717041,0,15,52,59
257673428445754,1,15,48,55
20789834428111036,0,17,55,61
454827555497507,0,14,49,56
77621454977563,0,14,47,53
6289383767450448,0,16,53,60
34485401963976296,0,16,55,62
26901478522947124,0,17,55,62
19154236089700504,0,17,55,61
4665009616112797,0,15,53,59
1397360020733736,1,15,51,57
5268910324381316,0,16,53,59
4924187894425785,0,15,53,59
13933575968910252,1,16,54,61
1150929913389142,0,15,51,57
29331165095533004,0,16,55,62
3926996112542105,1,16,52,59
599633367156128,1,15,50,56
4635355403130226,0,15,53,59
20358894633529372,1,16,55,61
33123074722694876,0,17,55,62
5810479919485198,0,15,53,60
15599588266266064,0,16,54,61
28636217529302924,1,16,55,62
2482492693386637,0,15,52,58
1061808629770076,0,16,50,57
1224401942857953,0,16,51,57
358742994998363,0,14,49,55
31731975768498704,1,18,55,62
15902913653567738,1,17,54,61
3998447920775174,0,15,52,59
16715643305492862,0,16,54,61
2970423434920166,1,15,52,59
7073831605986626,0,16,53,60
5761749392812799,0,16,53,59
9157618508323108,1,16,54,60
9682241669264606,0,15,54,60
981191132070786,0,16,50,57
11220027671107056,1,17,54,60
36642015711687776,0,16,56,62
12314321910181504,0,17,54,61
24600216790927404,1,18,55,62
7035536575326998,0,15,53,60
3502568953980316,0,16,52,59
3937852553548145,0,16,52,59
7000933890628204,0,15,53,60
21371471209674464,1,17,55,61
25757578316052744,1,17,55,62
5615798029198022,0,15,53,59
19946139578227576,1,16,55,61
17726187055728688,1,16,54,61
2481231458412602,0,15,52,58
17231092003182988,1,17,54,61
18929469768108796,1,17,55,61
41437107864490096,0,16,56,62
3540710697165962,0,15,52,59
13565807564410772,1,17,54,61
20524794996202516,0,16,55,61
44910556521887192,0,17,56,62
8830461726932789,0,16,53,60
5916270250327126,0,15,53,60
3229188143843671,1,16,52,59
26517964471047856,1,17,55,62
3375468463986759,0,15,52,59
5461808738757719,1,16,53,59
2973823314001238,1,16,52,59
47014707100744,0,13,46,53
40147949094143344,0,17,56,62
26506614617554196,0,18,55,62
410902672227202,0,14,49,56
11782233457523456,0,16,54,61
4754551648180481,1,16,53,59
35911783572372404,0,16,55,62
10834246870813982,1,17,54,60
1469148658293475,0,16,51,58
3590423534195236,0,15,52,59
34896395006197304,0,18,55,62
8420987092735236,1,16,53,60
4483744428260319,0,15,52,59
17760045007051172,0,17,54,61
1994591196698537,1,16,51,58
3866866234088999,0,15,52,59
5869252991331631,0,16,53,60
8331360362601838,1,16,53,60
34635903551478996,0,16,55,62
5487622468288852,1,16,53,59
8912764616504298,1,16,53,60
3290044501237711,0,15,52,59
834485627663376,0,15,50,57
10015547074542064,1,16,54,60
4957500658630684,0,15,53,59
7289370594085612,1,16,53,60
5834428475287414,1,16,53,60
5950032800688759,0,15,53,60
950009290776572,0,16,50,57
35080551254547244,1,17,55,62
5759942776405214,0,15,53,59
181408402903564,0,14,48,55
21354571640550476,1,16,55,61
5254376982220997,0,15,53,59
18142311313598024,0,17,55,61
6412332007367374,1,16,53,60
3621800076392485,0,15,52,59
7487239236833674,1,16,53,60
699093602851535,0,15,50,56
346406638638063,0,14,49,55
13836323991687698,1,17,54,61
1118837239774761,0,16,50,57
5580758748274356,0,15,53,59
8705124576190412,1,16,53,60
7811336246566714,0,16,53,60
4593564610501642,0,15,53,59
107312556987289,1,16,47,54
333477099870339,1,15,49,55
4516768378747278,0,15,53,59
11676343839303378,0,16,54,61
3358698368263468,0,16,52,59
6436554250709535,0,15,53,60
1498249957494433,0,15,51,58
22849544734286444,0,16,55,61
4585176924916298,0,15,53,59
2799193421339441,0,15,52,58
584878368653408,0,15,50,56
2481507342509929,0,15,52,58
14526461020873136,0,16,54,61
4808224249935532,0,16,53,59
6818966808960858,0,15,53,60
2308682874297972,1,16,52,58
5653950195881501,1,16,53,59
37637909627677776,0,16,56,62
2051201081430265,0,15,51,58
368647148342427,1,15,49,56
3026815236744674,0,15,52,59
4351307834542537,0,16,52,59
417216441888041,0,16,49,56
37085871205076504,0,16,56,62
574898401303161,1,15,50,56
514646674889645,0,15,49,56
4397427688024759,0,15,52,59
15412764536498422,1,17,54,61
1111613016406208,0,15,50,57
6047190824347286,0,15,53,60
3720905577016551,1,17,52,59
1094050959746506,1,16,50,57
6782813138138289,0,15,53,60
139932436794047,0,14,47,54
11177155477089736,1,16,54,60
3836798229186339,0,15,52,59
1605801998738665,0,16,51,58
985028889617504,1,15,50,57
351128846656374,0,14,49,55
17951807377524856,0,16,54,61
4847264113912506,0,16,53,59
30487847324330604,0,16,55,62
1158498406626294,0,16,51,57
1626011485636699,1,16,51,58
3559307072423362,0,15,52,59
4321352785126736,0,16,52,59
7251035235986519,1,17,53,60
3500761406835059,0,15,52,59
2447105639457879,1,16,52,58
5043322706515499,0,17,53,59
34025703521356276,0,16,55,62
6085812678837134,0,16,53,60
18576946784611564,1,16,55,61
3127765325730771,0,15,52,59
37529298079081256,0,17,56,62
4326593052279741,0,16,52,59
5250518198474628,0,15,53,59
4777206576371398,1,16,53,59
9608009180760288,1,17,54,60
41787300066404072,0,16,56,62
4754974205260969,0,16,53,59
1171518350074058,0,16,51,57
5009917869363609,0,15,53,59
41239544901240552,0,16,56,62
9996279071487436,0,16,54,60
10912688747598962,1,16,54,60
3112905223759563,1,15,52,59
7631102058358938,0,16,53,60
16371767434041384,0,16,54,61
1194771422473503,1,15,51,57
705253173962231,0,15,50,56
3421355038888328,0,15,52,59
111040785825238,0,16,47,54
8972557526674802,1,17,53,60
5216973448491908,0,15,53,59
4048428882169605,1,15,52,59
11718352312545798,1,16,54,61
8670775104580414,1,16,53,60
11272416967298128,0,16,54,60
34718032540560844,0,16,55,62
293301062890417,0,14,49,55
5140741300061542,0,16,53,59
38045062725035592,0,18,56,62
39582666635356272,0,16,56,62
15884832930378722,0,17,54,61
24699320994116796,1,18,55,62
35898686564471676,0,16,55,62
36447878005452096,0,17,56,62
11128111616124658,1,17,54,60
3549159152740222,0,15,52,59
39330396798868056,0,16,56,62
11024299236503916,1,16,54,60
27651371910477736,0,16,55,62
4039144587826682,0,16,52,59
9791793932807982,0,16,54,60
3322779857723967,0,15,52,59
624223379441783,1,15,50,56
20362755813548776,0,17,55,61
5074370891033941,0,15,53,59
6180767098251828,1,16,53,60
1300751158304429,0,16,51,57
5228391230375548,0,15,53,59
4480015476334046,0,16,52,59
11058742328451982,1,17,54,60
6545490344087672,0,15,53,60
24350702853354196,1,18,55,62
6341124170535312,1,16,53,60
35111092615721076,0,16,55,62
25244200039355424,0,17,55,62
4442238276738305,1,15,52,59
9667729194602448,0,16,54,60
12059787117609084,0,17,54,61
14203397270764804,0,16,54,61
4350446012522035,0,15,52,59
8412010616959022,0,16,53,60
2803409062171338,1,16,52,58
3738966086680359,0,15,52,59
2463780293661609,1,15,52,58
2772688406717293,0,15,52,58
59968662359756,0,14,46,53
4898754248675,0,16,43,49
15910420887106052,1,17,54,61
5402261339458603,0,15,53,59
9770951167032922,0,17,54,60
22922334072758096,1,17,55,61
4338729452596581,0,15,52,59
8975219537507712,1,17,53,60
2141789203900232,1,15,51,58
5473727768714312,0,15,53,59
13414376195515242,1,17,54,61
39958576181062008,0,19,56,62
40529061197679992,0,16,56,62
4164640402657044,1,16,52,59
114124909962615,1,15,47,54
4354399654591845,0,15,52,59
17430731359491176,1,16,54,61
2175462627330575,1,15,51,58
490357190243338,0,14,49,56
6075890311428735,0,16,53,60
5273012485155109,0,17,53,59
41814632331923152,0,16,56,62
2027203945148864,1,16,51,58
36064909243603,1,14,46,52
38136552290447192,0,16,56,62
19837537053854784,1,17,55,61
3215538602591523,1,16,52,59
4549485729627881,0,15,53,59
31681715497724476,1,17,55,62
5377049678746759,1,16,53,59
4312872503632099,0,15,52,59
31772724830755476,0,17,55,62
751381836513745,1,16,50,57
38954683092528272,0,16,56,62
27193466002224016,0,18,55,62
2626459189695192,1,16,52,58
4122506524158511,0,15,52,59
10768319023781232,1,16,54,60
19722632269581984,1,16,55,61
3699220979515484,0,15,52,59
6976720484245994,1,16,53,60
8226894123876678,1,16,53,60
3285072576346494,0,15,52,59
7330152726208162,1,17,53,60
13641336734609698,1,17,54,61
3498109136824281,0,15,52,59
584687060548202,0,15,50,56
6380009652685131,1,16,53,60
36164677331809752,0,16,56,62
4225968617064551,1,16,52,59
9536501487704372,1,17,54,60
43828397102662848,0,16,56,62
1261923179137796,1,16,51,57
21603684242926172,1,17,55,61
3637675136266714,0,15,52,59
9759253218407482,1,17,54,60
16273911537429102,1,18,54,61
4069075496284612,0,15,52,59
8493191895265936,0,16,53,60
9049855848634106,0,16,54,60
4008133552746831,0,15,52,59
4896777794963581,1,15,53,59
18492636289543212,1,16,55,61
13090699721025248,0,16,54,61
9909771039176862,1,17,54,60
18724305030808924,1,17,55,61
4329051813205087,0,15,52,59
28564543506136804,1,17,55,62
1842621529083288,0,16,51,58
4151300485622894,0,15,52,59
951584864170359,1,15,50,57
1874766300300194,0,15,51,58
5139836847680462,0,15,53,59
39069884152420992,0,17,56,62
19802754392874656,1,17,55,61
3550296625245369,0,15,52,59
10886395734504776,0,16,54,60
39867805611216472,1,17,56,62
5428568075135468,0,15,53,59
3776875144398847,0,16,52,59
8228395240924712,0,16,53,60
448012456919107,0,14,49,56
6262960014279484,0,16,53,60
4640653685299579,0,17,53,59
3386925914944268,0,15,52,59
30452774038148556,0,17,55,62
9777618565439618,0,16,54,60
5691054308708311,0,15,53,59
4116266916806182,1,16,52,59
9496040048476928,0,16,54,60
5293098481285441,0,15,53,59
2416630446483044,0,16,52,58
63348937453013,1,16,46,53
4466621208946436,0,15,52,59
5973648579052372,0,16,53,60
8772526098572372,0,16,53,60
8046584736815112,0,15,53,60
4865810832964931,1,15,53,59
1897206007717943,1,15,51,58
22565272254512524,1,16,55,61
18915171342982576,1,17,55,61
12787068542765102,1,18,54,61
35029139093792876,0,16,55,62
44515129870078928,1,17,56,62
10158724166799118,0,16,54,60
41030008865089992,0,16,56,62
3451543413774922,1,16,52,59
28399411873882004,1,16,55,62
3769245899915369,0,15,52,59
19982482051292464,1,17,55,61
12578809970236702,1,17,54,61
4406923927704149,0,15,52,59
3215810801539307,0,16,52,59
9716384197407,1,14,44,50
3554186281334138,0,15,52,59
3741461303636426,0,16,52,59
518941700452838,0,15,49,56
4049839675572139,0,15,52,59
9287440155281456,0,17,54,60
1104178932727794,0,16,50,57
43235793313862592,0,16,56,62
2633192736307316,1,16,52,58
14450263116103956,0,17,54,61
3520814083311782,0,15,52,59
29574812627269556,1,16,55,62
33966450428919744,1,16,55,62
29012776089662976,0,16,55,62
16825510928933696,0,17,54,61
11027712061866484,1,16,54,60
5483799021078438,0,15,53,59
43864721338652496,0,17,56,62
25576562927400344,1,17,55,62
5250211067824695,0,15,53,59
1128519688931611,0,15,51,57
5158310118500655,1,16,53,59
36830259019814072,0,16,56,62
10995564423077288,0,16,54,60
6251790157426125,0,16,53,60
5298209038067142,0,15,53,59
1861704967650232,1,16,51,58
4226191566109449,1,16,52,59
4157346740495093,0,15,52,59
5227638871103,0,15,43,49
770317025396825,0,15,50,57
6530347695106365,0,15,53,60
3269399310806627,1,16,52,59
3788299126410943,0,16,52,59
4460536261330639,0,15,52,59
5479685617972725,0,16,53,59
3046579273904361,1,15,52,59
38762191337485424,0,16,56,62
2709539605358342,0,16,52,58
5800281751879001,1,17,53,60
4993463265376166,0,15,53,59
1174225722108632,0,16,51,57
1984223660406985,1,15,51,58
3314492260908036,0,15,52,59
2201486159265769,0,16,51,58
18537224135368312,1,17,55,61
568212065323628,0,14,50,56
15153436157913212,0,16,54,61
31761804261510676,1,16,55,62
11495184301914382,0,16,54,60
4900631696270102,0,16,53,59
30546586676635124,1,17,55,62
3886942352795153,0,15,52,59
7138618318388515,0,16,53,60
6719991562925874,0,16,53,60
4535520666357362,0,15,53,59
18286357818587156,1,17,55,61
33500525949795996,1,18,55,62
4896805413061284,0,15,53,59
39197605653622504,1,18,56,62
1951701375258807,1,16,51,58
354332555225359,0,14,49,55
2199584633687603,1,16,51,58
5466701818697976,0,16,53,59
40931846069473824,0,16,56,62
151072315862927,0,16,48,54
21905299967471544,1,17,55,61
4739346278122074,0,15,53,59
865732663011688,0,16,50,57
6951131412169751,0,16,53,60
526214007212384,0,14,49,56
16201870989897304,1,16,54,61
28290377083271196,1,16,55,62
33591313576229096,0,16,55,62
11208940921346284,1,16,54,60
412800457014289,0,15,49,56
41347343469957344,0,16,56,62
12298496447449862,0,17,54,61
1224809932651619,0,16,51,57
43942716578840344,0,16,56,62
25918003743795736,1,16,55,62
8626215802779356,1,16,53,60
4947057378961984,0,15,53,59
2372389597036989,1,15,52,58
1752180102184009,0,16,51,58
5849823369661015,0,15,53,60
5290628305775718,1,16,53,59
3013888919336899,0,15,52,59
39619704348249256,0,16,56,62
16306660359548856,1,17,54,61
1691723175352948,1,16,51,58
3485008535425746,0,15,52,59
39338633012535576,0,17,56,62
599288729512502,0,16,50,56
35065358017907424,0,16,55,62
3505273496193545,0,15,52,59
7480996295041752,1,16,53,60
21142792262407516,0,16,55,61
39823335916480224,1,17,56,62
903106280581006,1,16,50,57
41579600944363344,0,16,56,62
4848492935944534,0,15,53,59
2262866551841867,0,15,52,58
10067279207958352,0,16,54,60
1566325099389919,0,15,51,58
12887777887802056,1,16,54,61
5755769540310711,0,15,53,59
6195276897096569,0,16,53,60
21851190860828,0,14,45,51
43039863059932056,0,16,56,62
23308756147668536,1,17,55,62
3119448325301838,1,15,52,59
1829095375477162,0,15,51,58
4152011881968781,1,17,52,59
3218438622261401,1,16,52,59
4901418025502831,0,15,53,59
8936082226734572,0,16,53,60
93154099209533,0,14,47,54
3502946824172511,0,15,52,59
7965587160403945,1,16,53,60
26297869693084256,1,17,55,62
40769158589563728,0,16,56,62
10987129354920492,0,16,54,60
1309981034950903,1,15,51,57
4576959598088243,0,15,53,59
7148502043673872,1,15,53,60
35232437929067924,1,16,55,62
3155630986527374,0,15,52,59
18133446921278412,0,17,55,61
8782377527066018,0,16,53,60
3602260799800235,0,15,52,59
5287418598799556,0,16,53,59
12702994304638296,0,16,54,61
42586124295081904,0,16,56,62
796228308010717,0,15,50,57
4444874867415461,1,16,52,59
4249980958179353,0,15,52,59
16975091452571004,1,17,54,61
40382377884973808,0,18,56,62
36965413160640472,0,16,56,62
5985257993616302,0,17,53,60
517121119601985,0,16,49,56
3679304165591993,0,15,52,59
140042018082048,1,16,47,54
16659342542754412,1,17,54,61
4597466080018258,0,15,53,59
179567108501601,0,16,48,54
1513118534368932,0,16,51,58
3608436387617731,0,15,52,59
2930497418051914,1,16,52,59
21595206973065736,1,17,55,61
4526657192272382,0,15,53,59
21938058150185152,1,17,55,61
3540761635455444,0,16,52,59
4406880379204044,0,15,52,59
21972078305113548,0,16,55,61
3457919975055242,1,15,52,59
5981634359367266,0,16,53,60
6031644205646809,1,16,53,60
1637637331273904,0,15,51,58
3951456105864196,0,15,52,59
22728063875587764,1,16,55,61
2687920154395136,0,15,52,58
37784220286220672,0,17,56,62
27645776111618496,1,17,55,62
3124002904243145,0,16,52,59
39443958873351528,0,16,56,62
3404303523682625,1,16,52,59
2347570214816488,1,16,52,58
4180251583602715,0,15,52,59
13925344409653722,1,16,54,61
14512617874507112,1,16,54,61
524590048516477,0,14,49,56
16912660547557988,0,16,54,61
3270827529182197,0,15,52,59
2605466099795379,0,15,52,58
4138430707534631,1,15,52,59
3495029507256715,1,15,52,59
575757488230327,0,15,50,56
28468129102470276,1,17,55,62
4612212503954816,0,16,53,59
43894163726916808,0,16,56,62
358760975273233,0,16,49,55
5140437525326234,1,16,53,59
403025894229313,0,14,49,56
21795349502992924,0,17,55,61
27236608633831724,0,17,55,62
3625074578412128,0,15,52,59
3285800750204576,1,16,52,59
7933003298881811,1,17,53,60
3926923206603515,0,15,52,59
6572500170535105,1,16,53,60
23615345028777056,1,17,55,62
44474078313018344,0,16,56,62
2066817857792227,1,16,51,58
23358738984531524,1,17,55,62
3423563595422963,0,15,52,59
7751432181135598,1,16,53,60
24788461162143404,1,16,55,62
6687882071897674,0,15,53,60
994133666682372,1,15,50,57
8899121908519952,0,16,53,60
5891569040980292,0,15,53,60
10511419093800428,1,16,54,60
18123129450748876,0,16,55,61
40411550612054224,0,16,56,62
4520417806201715,0,16,53,59
8383225050563,1,15,43,50
35541677519033196,0,16,55,62
12228739059933948,0,17,54,61
22280784013920396,1,17,55,61
379950889171791,0,14,49,56
2743373070845825,0,16,52,58
35673824567649096,1,17,55,62
34804293298380224,0,16,55,62
4914953955453705,1,16,53,59
4992797324293531,0,16,53,59
9712981915948182,0,15,54,60
1091822986749865,1,16,50,57
1395960079994845,0,15,51,57
3653073563570454,0,15,52,59
6250093340633296,0,16,53,60
666468350609684,1,15,50,56
565543040623907,0,14,50,56
26789294060629744,1,17,55,62
8248869988961269,1,17,53,60
4068920419487772,0,15,52,59
384643692558865,0,14,49,56
9504590891884106,1,16,54,60
1813259413842856,1,15,51,58
12578974969101878,1,16,54,61
7246337654107338,1,16,53,60
3723649097616235,0,15,52,59
2182548450229861,1,16,51,58
7873423030967206,1,16,53,60
8819898199433155,0,15,53,60
2509284266070139,0,15,52,58
10015594764729888,0,16,54,60
7386598984569031,0,15,53,60
4863219246542564,0,16,53,59
8491497076813412,1,16,53,60
44665438729374328,0,16,56,62
283734795489864,1,14,49,55
13235989133706988,0,16,54,61
29529045606467076,0,16,55,62
396513865204588,1,16,49,56
26437785095040736,1,17,55,62
34096361768883276,0,16,55,62
2233143223559937,0,16,51,58
38367282327577808,0,18,56,62
6595804655419306,0,15,53,60
668788257716131,1,16,50,56
12185899637181284,1,16,54,61
4092318145966074,0,15,52,59
16908762638655862,0,16,54,61
14486176450588598,1,16,54,61
2667069270300165,0,15,52,58
39034601812175656,1,16,56,62
18758099407623296,0,18,55,61
5572270448815961,0,16,53,59
376527378304771,0,15,49,56
1774830911883058,0,16,51,58
3886354563942114,0,15,52,59
5250670153121025,0,16,53,59
4593756884452015,1,15,53,59
9538554795947662,0,16,54,60
5636570553557772,0,16,53,59
9345122134322888,1,17,54,60
33530133212619824,0,16,55,62
1193653060329996,0,15,51,57
4111813823540512,1,16,52,59
469221095243486,0,14,49,56
6358521853401855,1,16,53,60
9536166461576706,0,16,54,60
34765619464644824,0,16,55,62
8982835347789751,0,16,53,60
7561346123324995,1,16,53,60
3857139166940678,0,15,52,59
2434441228116272,1,15,52,58
265312451426281,0,16,48,55
26062246058047124,0,16,55,62
4678403087148211,0,17,53,59
8404449165478252,1,17,53,60
4709992293369361,0,15,53,59
1720106844079947,1,15,51,58
6578572566139461,0,16,53,60
9871780031550628,0,15,54,60
20277427719223736,0,17,55,61
2587682806793716,0,16,52,58
4130077870624009,0,15,52,59
3132735324540484,1,15,52,59
5017553927728956,1,16,53,59
17817148093386776,0,16,54,61
1485532768070493,1,15,51,58
4338454840743819,0,16,52,59
3564439559176356,0,15,52,59
15786891188499298,1,17,54,61
6028152021705809,0,16,53,60
3648113558528269,0,15,52,59
4963430115247661,0,16,53,59
4623138633700084,0,16,53,59
5460732524637974,0,15,53,59
1275494244377166,1,15,51,57
1247182388499878,1,15,51,57
7692188893892261,0,15,53,60
22784708691974956,1,17,55,61
1282593177109602,1,16,51,57
3924314494507496,0,15,52,59
8593404525501758,0,16,53,60
7876888923066461,1,17,53,60
5758434681688918,0,15,53,59
2686239943810683,1,16,52,58
6491893902066522,1,16,53,60
369247379742755,0,14,49,56
8262991564352972,0,16,53,60
4629392596648756,1,16,53,59
38146110625826848,0,16,56,62
3262822515714157,1,16,52,59
7534527075315162,0,16,53,60
4804247604748606,0,15,53,59
35281509981729124,0,17,55,62
24603765892731996,1,17,55,62
4565449428038809,0,15,53,59
1002703050494489,0,15,50,57
17269169681146098,1,16,54,61
4679824151159171,0,15,53,59
5339371848194488,1,17,53,59
25645637493930316,1,17,55,62
4113690734684976,0,15,52,59
43825744402558192,1,17,56,62
2756197058778572,0,16,52,58
3552245473946699,0,15,52,59
6806286789328872,0,16,53,60
2818104126590037,1,16,52,58
3708455562900125,0,15,52,59
10621198702653274,1,16,54,60
31485510265536444,0,17,55,62
4827437619892239,0,15,53,59
1400108658739005,0,16,51,57
26282482164941704,1,17,55,62
4019069904329297,0,15,52,59
357547863174433,0,16,49,55
2279232727609664,0,16,52,58
39381758297351904,0,16,56,62
5026184359806131,0,16,53,59
18753795889651904,0,17,55,61
4993882151500538,0,15,53,59
12756168978765148,1,17,54,61
222937999898354,0,16,48,55
720797094968937,0,14,50,57
16547541136783184,1,17,54,61
4998946301205934,1,16,53,59
403268578274321,0,14,49,56
5048765328935434,1,16,53,59
10939255896933564,1,16,54,60
3839153982048363,0,15,52,59
27412368168639256,0,17,55,62
7401709059812698,0,18,53,60
3443422350448926,0,15,52,59
25678831628025204,1,18,55,62
24016124810060744,0,17,55,62
3480967409285135,0,15,52,59
43963902576613696,1,17,56,62
20144393720961236,1,17,55,61
3991333033825881,0,15,52,59
3758619496767969,0,16,52,59
21422551251690096,0,18,55,61
5429973209172999,0,15,53,59
5116181736224231,0,16,53,59
8793402312339306,0,16,53,60
5173833580316894,0,15,53,59
2788812798993717,0,15,52,58
33997182506039376,1,16,55,62
12563297363710836,0,16,54,61
671901833864202,0,16,50,56
5504020289833098,1,16,53,59
4304591723239571,0,15,52,59
2675083261212252,1,16,52,58
2692451348267609,1,16,52,58
3781884170786986,0,15,52,59
7490973858955519,1,17,53,60
13801739285586476,1,17,54,61
42235995016209024,0,16,56,62
14759284149275638,1,16,54,61
1874934429026894,0,16,51,58
6648963411264645,0,15,53,60
1724206320690987,0,16,51,58
19680503757264528,0,17,55,61
41537287184906128,0,16,56,62
11067753596386388,0,16,54,60
5423771150772672,0,16,53,59
5146636245828652,0,15,53,59
14996976120670862,1,17,54,61
9967247681899212,0,16,54,60
5524788688549913,0,15,53,59
10897889932838752,1,16,54,60
8988364042901251,1,17,53,60
4222616101582843,0,15,52,59
1228911785921743,1,15,51,57
601438602927966,1,16,50,56
5785847267533599,0,15,53,60
333082306500372,1,15,49,55
24701226722692696,1,17,55,62
38550206283966448,0,16,56,62
2374736852098679,0,16,52,58
21932698421759564,1,17,55,61
35086814614340296,0,16,55,62
4118954884979501,0,18,52,59
781352607431555,1,15,50,57
4258908438384957,0,15,52,59
3611046427461429,1,15,52,59
34206152727960344,1,16,55,62
4394838938410356,0,15,52,59
18135862610057328,0,17,55,61
3950073406374506,1,16,52,59
4372565634392086,0,15,52,59
12001583555214456,0,17,54,61
5269323884238006,0,16,53,59
6467874396027431,0,15,53,60
12259303666614902,1,18,54,61
4980431524921931,1,16,53,59
34849010922554496,0,16,55,62
8812082561823372,1,17,53,60
2117544678185093,1,16,51,58
4684398021985262,0,15,53,59
5446373241615719,1,17,53,59
5191084547543781,1,16,53,59
5451966484750116,0,15,53,59
32081893232903444,1,17,55,62
11845244688870096,1,17,54,61
3636072072641753,0,15,52,59
31356041279091004,1,18,55,62
25291707981948124,1,17,55,62
3442693192657851,0,15,52,59
5303651934754168,1,16,53,59
2746070333227421,0,15,52,58
24807883138860316,0,16,55,62
3488540576355515,0,16,52,59
1381269867600133,0,15,51,57
43696688897203,0,13,46,52
19806403830324304,0,17,55,61
2374142536081264,0,16,52,58
3437867387382801,0,15,52,59
4370319931047378,1,16,52,59
2062597278570388,0,16,51,58
399178524221173,0,14,49,56
3774924264963022,0,16,52,59
1246402048458391,0,15,51,57
4302208384146113,0,15,52,59
4166057087361126,0,16,52,59
7418622733700328,1,16,53,60
5278090097246895,0,15,53,59
1847921331721418,1,16,51,58
2521406612606454,1,16,52,58
6498343719376215,0,15,53,60
4389961181076103,1,16,52,59
34419245603202444,1,17,55,62
4551898848118653,0,15,53,59
3492829254593461,1,16,52,59
5519384541667766,1,16,53,59
3455736661552942,0,15,52,59
10897629948265748,1,16,54,60
8690250367721931,0,16,53,60
4282415223262021,0,15,52,59
133714325462352,0,14,47,54
9913732965438402,0,16,54,60
3233138890317943,1,15,52,59
15773168610315648,1,16,54,61
10972419900186994,0,16,54,60
6602978170586806,0,15,53,60
8307586286152362,0,17,53,60
14742089963599248,1,17,54,61
35612619479494,0,13,46,52
12931969091187452,0,17,54,61
16384920018238404,1,18,54,61
3477847702132321,0,15,52,59
12410888017321548,1,16,54,61
13775852579318972,0,16,54,61
4016840177337837,0,15,52,59
1646450474498473,1,15,51,58
25152090665848236,1,16,55,62
4420039396776844,0,15,52,59
29471700785959724,1,17,55,62
8362786477157889,1,16,53,60
44804682466882848,0,16,56,62
1318719251901174,0,15,51,57
3702083177008063,0,15,52,59
11202294671718188,0,16,54,60
10386183616341398,1,16,54,60
22545662306883476,0,16,55,61
25788916915448724,0,16,55,62
6015550361966515,0,16,53,60
1243372969987827,0,15,51,57
7641389002874912,0,15,53,60
14235214395779912,0,17,54,61
14364840078799402,0,18,54,61
36247876376930776,0,16,56,62
3424979603666191,1,16,52,59
5019629709437528,1,16,53,59
36753321555423592,0,16,56,62
19848516548008612,0,16,55,61
2358710734790184,1,15,52,58
2646127358656816,0,15,52,58
2004614616544359,1,15,51,58
11228121497636324,1,16,54,60
4400819613136122,0,15,52,59
27406594777251216,1,16,55,62
1373908181636159,0,15,51,57
450321051850183,0,14,49,56
23146797264835476,0,17,55,62
12865356547099902,1,18,54,61
36409342257875592,0,16,56,62
3009934303564385,1,16,52,59
3786097812087301,1,16,52,59
4569673691004038,0,15,53,59
33904142017725824,0,17,55,62
2976135579287636,1,16,52,59
35628152802765256,0,16,55,62
13682496509173516,0,16,54,61
1008495409958181,0,15,50,57
5035725473088798,0,15,53,59
3733695651510829,0,17,52,59
1622011021202191,0,16,51,58
5206707264740868,0,15,53,59
2019952340590273,0,16,51,58
16222624689371878,0,16,54,61
6496781382792739,0,15,53,60
17234001925541496,1,17,54,61
10860723855574732,1,16,54,60
4364150692893176,0,15,52,59
16133083773986402,1,16,54,61
10818755460742564,0,16,54,60
632234034449452,0,14,50,56
4140289565818628,1,16,52,59
424610561049558,0,16,49,56
3897050786756806,0,15,52,59
16990070269175636,1,16,54,61
15141118029721364,0,16,54,61
2944386507676998,0,15,52,59
18829512813755984,1,16,55,61
3710621035200951,1,16,52,59
33574030786236696,0,16,55,62
12168171856680796,1,16,54,61
2660132110852644,1,16,52,58
4534403866606613,0,15,53,59
7452144079557122,0,17,53,60
6954410786670949,0,16,53,60
419235099346102,0,14,49,56
7647052485091735,0,16,53,60
925777574581129,0,15,50,57
42757425211186128,0,16,56,62
18190635169171844,1,17,55,61
2318018212978813,1,16,52,58
37381781366210576,0,16,56,62
10510072574382238,1,17,54,60
15151071712735424,0,16,54,61
5282774074454303,0,15,53,59
8390368198943868,0,16,53,60
10066267148814644,0,16,54,60
32942889717599996,0,16,55,62
15982993224599952,1,17,54,61
11554162948358172,1,17,54,61
42700847063436552,0,16,56,62
1059725253441221,1,16,50,57
20535387390533748,1,16,55,61
5069194735770969,0,15,53,59
5635255430132189,1,17,53,59
17216063582372064,1,17,54,61
376940536583434,0,14,49,56
3098572212962215,1,16,52,59
3204220290662618,1,16,52,59
4959150660174114,0,15,53,59
458051608873692,1,14,49,56
7885531075003625,1,16,53,60
28763057030967824,0,16,55,62
3461623472190058,0,15,52,59
4877628415438534,0,16,53,59
2507076016483489,0,15,52,58
19399410276890576,1,16,55,61
1424292713875654,0,15,51,57
4903799933081274,0,15,53,59
3036020813385408,1,15,52,59
35796761531320096,0,17,55,62
1990861034576008,0,15,51,58
5764136237171336,0,16,53,59
7792173604744385,0,16,53,60
36023383414117676,0,16,55,62
3926862401914814,1,16,52,59
4418826087557845,1,16,52,59
4732669319692325,0,15,53,59
42027412329114496,1,17,56,62
6590499669945088,1,16,53,60
6557957170257188,0,15,53,60
18932187219360844,0,17,55,61
3686526783644766,1,16,52,59
4349205710582878,0,15,52,59
24737102241024776,1,17,55,62
4855916089306464,1,16,53,59
42688859880384656,0,16,56,62
2575624038511303,1,16,52,58
14212979215571424,0,17,54,61
3421907977092159,0,15,52,59
9979391878851798,1,18,54,60
8576566845665885,1,16,53,60
5556755767707091,0,15,53,59
11215469654648064,0,16,54,60
21448131136234256,1,17,55,61
4107962374009632,0,15,52,59
4835656589967095,1,16,53,59
25812549110922064,1,17,55,62
4243031897253275,0,15,52,59
2345867945007892,0,16,52,58
11614740629500564,0,17,54,61
6465806255972164,0,15,53,60
2932792533198159,0,16,52,59
5796137890466446,1,16,53,60
3448023016598649,0,15,52,59
352890147203675,0,15,49,55
18768966460381376,1,16,55,61
5212475098037955,0,15,53,59
3868572074835364,0,16,52,59
5067789535136371,0,16,53,59
3630602343853805,0,15,52,59
1550816446009517,0,15,51,58
2181050597478718,0,16,51,58
3987714619524236,0,15,52,59
6729603086248201,1,18,53,60
7217547576636388,0,16,53,60
5947532337597022,0,15,53,60
5699102365996658,1,16,53,59
12299797230834438,0,17,54,61
4757405610218375,0,15,53,59
2423773829599373,0,16,52,58
6996185374612641,0,16,53,60
3788891754092579,0,15,52,59
413536872787623,1,16,49,56
30156453276954944,0,17,55,62
3883393257778984,0,15,52,59
23174006437476404,1,16,55,62
2308858859380322,1,15,52,58
1450219351517487,0,15,51,58
4074638529407,1,12,42,49
9243256105273196,0,16,54,60
5147848046668954,0,16,53,59
89287679630568,0,16,47,53
229827473646752,0,15,48,55
3485068683137203,0,15,52,59
8002570072166788,1,16,53,60
593322920673629,1,15,50,56
3371807823896866,0,15,52,59
5142634810229712,0,16,53,59
9123052940248488,1,16,54,60
5036558919881356,0,15,53,59
5939564693971581,0,17,53,60
3422000295452322,1,16,52,59
3745903904561929,0,15,52,59
6720856503874474,1,16,53,60
11109077701708468,1,17,54,60
3383745064013728,0,15,52,59
24210634323451036,1,17,55,62
29170390550690404,1,17,55,62
42561692546990344,0,16,56,62
3725271449811206,1,16,52,59
27789642622930296,1,18,55,62
4788006128645898,0,15,53,59
15005678732236024,1,16,54,61
1428055926911162,0,15,51,57
4312677934344188,0,15,52,59
5330086676566121,0,16,53,59
4837756142678031,1,16,53,59
3892349212739532,0,15,52,59
5892205618320226,0,16,53,60
3633986889399639,0,17,52,59
7690749077107669,0,15,53,60
14630040061015588,0,17,54,61
1896837767453722,0,16,51,58
5175814641515644,0,15,53,59
11556019852701202,0,17,54,61
12124115319514736,1,16,54,61
550174005337883,0,14,49,56
14568783837267576,1,17,54,61
27806183926415656,0,17,55,62
3426249601020457,0,15,52,59
4984582719460538,0,16,53,59
26397072808253376,1,17,55,62
4257584043634671,0,15,52,59
1477790664392499,1,15,51,58
10929531082247312,0,16,54,60
4547381101793812,0,15,53,59
2611365050911493,0,16,52,58
1760274582637935,1,15,51,58
36174136520975824,0,16,56,62
9739207583066338,1,17,54,60
3396405166479397,0,16,52,59
4000361350787353,0,15,52,59
733559387827241,1,15,50,57
2860746614274018,0,16,52,58
5595820102990972,0,15,53,59
22628316155850296,0,17,55,61
3126549448944484,0,16,52,59
3538886114403249,0,15,52,59
5053811351327121,0,17,53,59
2337225468492834,1,16,52,58
5696952269632348,0,15,53,59
4876354509478644,1,16,53,59
4549737719887619,1,17,53,59
4753669338250995,0,15,53,59
4762189902616609,1,15,53,59
1486267971744208,0,15,51,58
7517711059684962,1,16,53,60
5518891164475812,1,16,53,59
5019056279246581,1,17,53,59
3708654038857103,0,15,52,59
23427363150527656,0,17,55,62
21234081262693184,1,17,55,61
4137656004544806,0,15,52,59
5288288350273761,1,16,53,59
4276124715034846,0,16,52,59
5422492957483316,0,15,53,59
3872280098007016,1,16,52,59
11117551879110548,1,16,54,60
4769415823842222,0,15,53,59
23459318195201296,0,17,55,62
11372098893253002,1,16,54,60
3433766184472387,0,15,52,59
2408723855693725,0,16,52,58
2384730060111162,0,16,52,58
5466477352963881,0,15,53,59
23800350604437004,1,16,55,62
6086503787687705,0,16,53,60
2691216592048313,0,15,52,58
19063844080835756,1,16,55,61
3535415189010804,0,15,52,59
24580002917838056,0,16,55,62
287489493096738,1,14,49,55
2454649309254703,0,15,52,58
36532178077344824,0,16,56,62
11099938681819438,0,17,54,60
13252303270693758,0,17,54,61
3523906790089765,0,15,52,59
170146545663666,0,15,48,54
11722240144410012,0,17,54,61
6255407212725672,0,15,53,60
20724802116677676,0,16,55,61
5593941848713674,0,16,53,59
4021535372272968,0,15,52,59
5447793370682709,1,16,53,59
5042244228938344,0,16,53,59
9276768156747278,0,15,54,60
17556136396328222,0,16,54,61
117678793415034,1,14,47,54
29640837464575596,0,16,55,62
1370401034750621,1,15,51,57
3849652793478105,1,15,52,59
10244820292831952,0,16,54,60
27161320769977024,1,16,55,62
5586242798274822,1,15,53,59
5357938023633705,0,15,53,59
28240126165775904,1,17,55,62
43973489735267192,1,18,56,62
4556770043592462,0,15,53,59
5002435846774358,0,15,53,59
6727978557984809,1,15,53,60
14074122944986502,1,16,54,61
8727331819856819,0,16,53,60
2711727614466054,1,15,52,58
31352652048527024,0,16,55,62
1157615296659329,1,16,51,57
71118397886372,1,14,47,53
3888220619218039,0,15,52,59
5085731089001064,0,16,53,59
33972419692276504,0,18,55,62
4299986384204903,0,15,52,59
1020905975521943,0,16,50,57
22428710611537848,1,17,55,61
4005108989184265,0,15,52,59
4905441337794328,0,16,53,59
43498586974735592,1,17,56,62
567915903193964,0,14,50,56
1924253668756964,0,16,51,58
4524824605296459,1,16,53,59
417626982134502,0,14,49,56
11170620872323562,0,16,54,60
1298873166837078,1,15,51,57
5849005960701134,0,15,53,60
2966320386972201,0,16,52,59
114815526769865,1,15,47,54
3410871963984269,0,15,52,59
7151524337270331,1,16,53,60
963834868246345,1,16,50,57
3421070983781783,0,15,52,59
12476577167776898,1,17,54,61
1078249830918716,1,15,50,57
5207417160568359,0,15,53,59
16365517429122388,0,17,54,61
7345393297639731,0,17,53,60
3611773024524038,0,15,52,59
7099346732837472,1,16,53,60
2309085943276338,0,16,52,58
4664540110816626,0,15,53,59
14287056405895704,1,17,54,61
1809047713305798,0,16,51,58
3945727457334553,0,15,52,59
7004109652482891,0,16,53,60
20580839618869096,0,18,55,61
37161070248440928,0,16,56,62
852643824623739,0,15,50,57
20503969054375996,1,19,55,61
40864868095965424,0,16,56,62
16126797859945562,0,16,54,61
7353752113444238,0,17,53,60
3426903721757114,0,15,52,59
12623835511844864,1,16,54,61
27816667327594656,0,16,55,62
3644002289511024,0,15,52,59
1014139463341026,0,16,50,57
6523297462084045,0,16,53,60
37902973433370776,0,16,56,62
5458369666894476,0,16,53,59
8502766938541975,0,16,53,60
3335316828209131,0,15,52,59
3354185978998691,1,16,52,59
12166083996036404,0,16,54,61
6817774177905244,0,15,53,60
4718626857376639,1,16,53,59
36435008738786128,1,17,56,62
34537571673511624,0,16,55,62
998993165278469,1,15,50,57
691632038974586,1,16,50,56
3976045449985139,0,15,52,59
13902458503013184,1,16,54,61
1455347177928293,0,15,51,58
3876102523900451,0,15,52,59
19556569090413,1,14,45,51
29592845750062676,0,17,55,62
4045965993947954,0,15,52,59
20563184021033704,1,17,55,61
15671540735120998,0,19,54,61
459616474604842,0,14,49,56
25151642485609004,1,18,55,62
6783756840364788,1,16,53,60
3848124139822451,0,15,52,59
1129947272237876,1,16,51,57
21846548453180776,0,16,55,61
3742969111505966,0,15,52,59
4883590114097848,1,16,53,59
7253818463435845,0,16,53,60
3634936918486347,0,15,52,59
6882551805180085,1,16,53,60
10374450039967852,1,16,54,60
37005362647184176,0,16,56,62
259415542985617,1,15,48,55
13870837405893662,1,17,54,61
35774657178373344,0,16,55,62
21799165877557176,0,17,55,61
10851356512722518,0,17,54,60
4434087025230224,0,15,52,59
23568457143105344,1,17,55,62
4552947253776759,1,17,53,59
36794608683696992,0,16,56,62
10044234184755532,0,16,54,60
1039251973639201,1,15,50,57
383891965954588,0,14,49,56
1396519532665212,0,16,51,57
3016229819649112,0,16,52,59
4803602823266113,0,15,53,59
11184113844516076,1,16,54,60
19946046677062212,0,16,55,61
4550964713293644,0,15,53,59
23737665484069996,0,18,55,62
10650600189531388,0,16,54,60
40521413460738992,0,16,56,62
2267452108594165,1,16,52,58
5260567878514649,0,17,53,59
5033123414739285,0,15,53,59
3881843157198829,1,17,52,59
41201709348340992,0,17,56,62
4544774419332541,0,15,53,59
1524529230078802,0,15,51,58
2857563904102488,1,16,52,58
31724627991537896,0,16,55,62
4789805155145059,0,16,53,59
2721978613154042,0,16,52,58
462809067570525,0,14,49,56
40596591947100176,1,17,56,62
1059859367573104,1,16,50,57
4192912510109962,0,15,52,59
10256523028319592,0,16,54,60
10993450795671764,0,16,54,60
3186644452591148,0,15,52,59
14550068340627244,1,17,54,61
3641250569531201,0,18,52,59
3509037535258257,0,15,52,59
10469116741417922,0,17,54,60
5238818691184641,0,16,53,59
3405811758228876,0,15,52,59
5151304682830376,1,16,53,59
2254763780326692,0,16,52,58
4374351136536443,0,15,52,59
15506370604956188,1,16,54,61
16117067876690556,1,16,54,61
416931781663971,0,14,49,56
6011514088367788,1,16,53,60
15402074971217502,1,16,54,61
4416559904447224,0,15,52,59
7927290914994718,1,16,53,60
2660783092716902,0,16,52,58
37115718776185528,0,16,56,62
12016252371332872,1,17,54,61
133494498229558,1,16,47,54
5004772637177837,0,15,53,59
10115087622641258,0,17,54,60
1370634303904111,1,16,51,57
4065091457746506,0,15,52,59
1486272598212363,0,16,51,58
24957522970471096,1,18,55,62
3871380247532428,0,15,52,59
41635451552744672,0,17,56,62
787945414130435,1,15,50,57
33045038559021756,0,16,55,62
5996852857248661,1,16,53,60
28813590735186204,1,17,55,62
4551017112695995,0,15,53,59
10597066781648028,0,17,54,60
41616267377763152,0,17,56,62
43667757534607672,0,16,56,62
9506012738719802,1,17,54,60
5266474648394906,1,16,53,59
3570985088012749,0,15,52,59
13883459794387622,0,17,54,61
603377360400957,0,16,50,56
4921403601758516,0,15,53,59
3637830306858374,0,16,52,59
3136976287874454,1,16,52,59
4775828761144047,0,15,53,59
8917837679705681,1,17,53,60
4454144162999056,1,16,52,59
7824947919878974,0,15,53,60
8440639568336976,0,16,53,60
18433919373725828,0,16,55,61
4426197842871421,0,15,52,59
978778230106566,0,16,50,57
33804367264706956,0,17,55,62
4711932296111488,0,15,53,59
4698259988014191,0,16,53,59
6702159100980672,1,17,53,60
40264032731799024,0,16,56,62
1521407834519398,1,15,51,58
9143198991252406,0,16,54,60
3734569478194219,0,15,52,59
5642830351690304,0,16,53,59
5453297933677092,0,16,53,59
43819649631482024,0,16,56,62
1517097582873456,0,15,51,58
15737781282238196,0,16,54,61
38699007995900152,0,16,56,62
1196639366213635,1,16,51,57
5270244019018859,0,17,53,59
5272872415022364,0,15,53,59
8205050700271288,1,16,53,60
19213320984424912,0,16,55,61
5752336923481251,0,15,53,59
27976063024321704,0,17,55,62
1770995631324537,1,16,51,58
33996611762251996,0,16,55,62
9898028354054688,1,16,54,60
8921233861514315,1,16,53,60
4632787241558668,0,15,53,59
5390476803657556,1,16,53,59
1254317032865503,1,16,51,57
3773555169461624,0,15,52,59
4171792170013494,0,16,52,59
11397771127391532,1,17,54,60
3566359053985946,0,15,52,59
9588329490546472,1,17,54,60
11417017482888984,1,17,54,60
3500893284313071,0,15,52,59
22351583875639172,0,17,55,61
6912432968741225,1,16,53,60
5123518545480538,0,15,53,59
83304737330612,1,16,47,53
2968186975797611,1,16,52,59
6349174148329699,0,15,53,60
19145262252626096,0,17,55,61
125648814110885,1,16,47,54
5204276021763761,0,15,53,59
5357297086895806,0,16,53,59
38536919613881592,1,17,56,62
3758609126357269,0,15,52,59
674915194620029,0,14,50,56
343014809973669,1,14,49,55
16225431283365322,0,16,54,61
8157324345621782,0,16,53,60
15251003340161572,0,16,54,61
30319980848321056,0,16,55,62
2435683795617789,1,15,52,58
4878803162513672,1,16,53,59
8367887571672088,0,15,53,60
20428785774708356,1,17,55,61
783219443099565,1,16,50,57
4862819776886582,0,15,53,59
17408927211520902,1,17,54,61
5060886837087656,1,16,53,59
419269022966543,0,14,49,56
13121666350684902,0,16,54,61
887819167365128,0,15,50,57
4832293305225972,0,15,53,59
10606615464644296,1,16,54,60
15558940430644,1,16,44,51
8148398223753828,0,15,53,60
18405541207418216,0,17,55,61
422887511428989,1,15,49,56
4988508010558941,0,15,53,59
4684646520787392,0,16,53,59
1250943724933943,0,16,51,57
44853004032858192,0,16,56,62
101871036737899,1,14,47,54
2757230385671664,1,16,52,58
4073335960401171,0,15,52,59
10271844026371538,0,17,54,60
19752512955624812,0,16,55,61
5133918008756842,0,15,53,59
24294787968408124,0,17,55,62
26112381015611596,1,17,55,62
5784584064210499,0,15,53,60
7857043892626544,0,16,53,60
3298454017725544,0,15,52,59
7384618604782678,1,16,53,60
1066613110900311,0,16,50,57
10699900071493788,0,17,54,60
3639024134926264,0,15,52,59
5658582532935578,0,16,53,59
13807848082161358,0,17,54,61
3576991235493145,0,15,52,59
4020888270434545,0,16,52,59
19673211503843844,1,17,55,61
4712480247663249,0,15,53,59
3291089447277502,1,15,52,59
18969405100861984,0,16,55,61
1028894097676266,0,15,50,57
12186245184722598,0,18,54,61
19497884721822588,0,17,55,61
3579529855919944,0,15,52,59
2469921206321248,1,16,52,58
11875901122160642,1,16,54,61
7513974345545519,0,15,53,60
8871702589221892,1,16,53,60
18046618189540112,0,16,55,61
6439228813204454,0,15,53,60
34844215000458424,0,17,55,62
15120740976848688,0,16,54,61
5985083799874352,0,15,53,60
33696334381749476,1,17,55,62
2437107118485153,1,16,52,58
7283945935297095,0,15,53,60
787092362524749,1,16,50,57
5954568908438935,0,16,53,60
594770641029913,0,14,50,56
3063124741745386,1,15,52,59
4245403281113647,1,15,52,59
4087549693104134,0,15,52,59
1274431307637466,1,16,51,57
2142641349869963,0,16,51,58
482212734067582,0,14,49,56
11859668880817844,0,16,54,61
7458620324123755,0,16,53,60
4909276250082276,0,15,53,59
2213652441046205,0,15,51,58
3761920333849161,0,16,52,59
4787887034908374,0,15,53,59
1981733440278445,0,16,51,58
10710890564841376,0,17,54,60
3749481806540644,0,15,52,59
28892838915804024,0,16,55,62
12438822291873852,0,16,54,61
6647583219815858,0,15,53,60
180021073724343,1,14,48,54
11586428491998302,0,16,54,61
3602865390488849,0,15,52,59
6963705273655548,1,16,53,60
8954821194689972,1,16,53,60
4141172232763645,0,15,52,59
6209631190586715,0,16,53,60
21162077544049288,1,16,55,61
3032091488509368,0,15,52,59
341285226389376,1,14,49,55
1515009483033632,0,15,51,58
5541359218418051,0,15,53,59
1961987049107232,1,16,51,58
5074135874298409,1,17,53,59
4098332758002919,0,15,52,59
3242936509844754,0,16,52,59
20888984300826904,1,17,55,61
34013823987580956,0,16,55,62
2963254427455053,0,16,52,59
21396563365608796,0,18,55,61
3835527239785678,0,15,52,59
1456783109427927,1,15,51,58
24044877989044644,0,16,55,62
2330083759561032,0,15,52,58
7672942492585406,0,16,53,60
11433702120176872,1,16,54,60
3129142072923036,0,15,52,59
5037538511712092,0,16,53,59
4994070266980484,0,16,53,59
386829390388429,0,14,49,56
4269659359085378,1,16,52,59
6967406388067574,1,16,53,60
5029901229478242,0,15,53,59
22034204227984848,0,16,55,61
25622771724622064,0,16,55,62
1857165855136082,0,15,51,58
831544448477648,0,15,50,57
3189839601145234,1,16,52,59
5836450411490306,0,15,53,60
9296831132402782,0,17,54,60
1611940047155991,1,16,51,58
6100844072624774,0,15,53,60
14189143809915096,1,18,54,61
3677610366523413,0,16,52,59
3531031897570062,0,15,52,59
192224722500214,1,15,48,55
18570404431323204,0,17,55,61
37455173587391624,0,16,56,62
17271931903583988,1,17,54,61
2911088543115076,0,15,52,59
43077685468276552,0,16,56,62
8285197068596131,1,17,53,60
584199648091812,1,16,50,56
3967969433463922,0,15,52,59
965853829330851,1,15,50,57
10906603098692788,0,16,54,60
35502785084674656,0,16,55,62
2172675760774693,1,15,51,58
19138200561908964,1,16,55,61
2804346784638536,0,15,52,58
1590800025081828,1,15,51,58
8452734605026094,0,16,53,60
5140806586066741,0,15,53,59
751811371689544,1,16,50,57
3530966950405331,0,16,52,59
4532271691032476,0,15,53,59
8335887829144049,0,17,53,60
1828656373094311,0,16,51,58
379148575117843,0,14,49,56
2496147677692416,0,16,52,58
4041841612949029,1,17,52,59
3477304979439558,0,15,52,59
13461744379043464,1,17,54,61
42243561412779304,1,17,56,62
3669133882800531,0,15,52,59
480496842262141,1,15,49,56
1543940466743323,0,15,51,58
35386709043845924,0,16,55,62
3317381908145405,1,16,52,59
2080552645048618,0,16,51,58
4677614939612671,0,15,53,59
1615086815017241,1,16,51,58
32138690762135296,1,17,55,62
44500748811779056,0,16,56,62
5864311010410805,1,16,53,60
5262876135185454,1,15,53,59
1548168349916124,1,16,51,58
3844550827714005,1,16,52,59
2572307082759915,0,16,52,58
3394336287671721,0,15,52,59
3182452241507754,0,16,52,59
3544391735376093,0,16,52,59
4171028464983337,0,15,52,59
11204476130625486,1,16,54,60
3902535322909389,0,15,52,59
8651741085447268,0,16,53,60
3804450787343975,1,16,52,59
6386867019050635,0,16,53,60
479603860507214,0,14,49,56
21430395823537828,1,17,55,61
7843723440561531,0,17,53,60
35701887342349804,0,16,55,62
965017669396951,0,15,50,57
6479558705912805,0,16,53,60
38616626680906344,0,16,56,62
21729106101354924,0,16,55,61
15097441520499956,1,16,54,61
5615350972211594,0,15,53,59
568933477564566,0,15,50,56
6694836655959874,1,16,53,60
3703368829776806,0,15,52,59
9852439374133076,0,16,54,60
4203030737238913,1,16,52,59
44865810270623744,0,16,56,62
553524810088385,0,16,49,56
1529022724469257,1,16,51,58
5475146400161076,0,15,53,59
23565238818559304,0,17,55,62
28968046523076296,0,18,55,62
3787682218350363,0,15,52,59
14409684593517656,0,17,54,61
22838679679412796,0,17,55,61
4433299316826044,0,15,52,59
6421496794940139,0,17,53,60
11187698959490098,0,17,54,60
4834314606121432,0,15,53,59
24125495524740644,1,17,55,62
5078223473513016,1,16,53,59
36541967489131008,0,16,56,62
7707182574889736,0,16,53,60
6433269701300501,0,16,53,60
3607847464146353,0,15,52,59
10327386477590598,0,17,54,60
9189746121909544,1,16,54,60
3349787682122955,0,15,52,59
38348097031787496,0,18,56,62
21242822877750004,0,19,55,61
3494618980093593,0,15,52,59
4556799186333508,1,16,53,59
3184665643617445,0,16,52,59
5395674411443592,0,15,53,59
2155333221158689,1,16,51,58
14436961156872198,1,18,54,61
42614333182811672,0,16,56,62
4848840458999359,1,15,53,59
341015380597026,1,16,49,55
3556873404470507,0,15,52,59
6956506316877518,0,16,53,60
8137353504172992,1,16,53,60
36049859525180008,0,16,56,62
6127012087848036,0,16,53,60
5041370373996399,1,16,53,59
44237547833370624,0,16,56,62
3761245438497194,1,16,52,59
42389893505538176,0,17,56,62
3558883739450843,0,15,52,59
16411749616274216,0,17,54,61
1924459763646723,0,15,51,58
6706885992235749,0,15,53,60
2846127097850074,1,16,52,58
9057523651124814,0,16,54,60
7370170382075311,0,15,53,60
351876672093933,0,15,49,55
8490345810872788,1,16,53,60
3776386642938089,0,15,52,59
7224311984414288,0,16,53,60
7458299179295112,1,16,53,60
3829979889275437,0,15,52,59
39516683851666696,1,17,56,62
6966482858021092,1,16,53,60
3641887279083605,0,15,52,59
22696763278150744,0,16,55,61
2005391876139338,0,15,51,58
31468329258273696,0,16,55,62
11102529621663226,1,17,54,60
20327337379587296,1,18,55,61
3444848335387671,0,15,52,59
4867601456073594,0,16,53,59
10736109447377032,1,17,54,60
4835510481256843,0,15,53,59
5045160671973241,1,17,53,59
2485482305603594,0,16,52,58
400040110114952,0,14,49,56
19731856683540684,1,17,55,61
5554423228182578,1,17,53,59
4839304715816041,0,15,53,59
41465816467053152,0,17,56,62
2656903479135786,1,16,52,58
3597606647814856,0,15,52,59
5098244049157694,1,16,53,59
10850168392264782,0,16,54,60
3865387397052376,0,15,52,59
4397680246183671,1,16,52,59
10051937382655044,0,16,54,60
5222441839865834,0,15,53,59
2112545016063686,0,16,51,58
90191995961576,0,16,47,54
37759109884248808,0,16,56,62
20919971868577124,0,16,55,61
228803316242148,0,15,48,55
5042000765787314,0,15,53,59
2719008537226913,0,16,52,58
359764110058414,0,15,49,55
361357190160715,0,14,49,56
11142705976160102,1,16,54,60
15883790856127738,1,16,54,61
4803723518636931,0,15,53,59
5140380423150712,0,16,53,59
3434715623271818,0,16,52,59
452209845805211,0,14,49,56
30219828841622804,1,17,55,62
2332723225278946,0,16,52,58
3482894257662036,0,15,52,59
32485805065926976,0,16,55,62
3759963157302804,0,15,52,59
33743993537771024,0,16,55,62
676323550648314,1,15,50,56
12999281172040804,1,16,54,61
5297824124915937,0,15,53,59
1226470829920254,0,16,51,57
9471648476750576,0,16,54,60
4227060476768859,0,15,52,59
6543160302379772,0,17,53,60
12530848451341038,1,17,54,61
35833691154810976,0,16,55,62
4643506263392884,0,16,53,59
5005366679825044,1,15,53,59
9159014516107532,0,16,54,60
29979785053491244,0,17,55,62
414583223435502,1,15,49,56
3833548222126912,0,15,52,59
275524022579404,0,15,48,55
3206323193137881,1,15,52,59
11111931395665902,0,16,54,60
796190812776885,1,15,50,57
8303657227767108,0,16,53,60
44608423087263192,0,16,56,62
117427050884179,1,14,47,54
9004481068723439,0,16,53,60
35029214133783,0,13,45,52
7028113999322309,1,16,53,60
18494107568411056,0,17,55,61
491275455756972,0,14,49,56
591941352209948,0,16,50,56
894646845820944,1,16,50,57
43071912011626528,0,16,56,62
26784829014143256,1,17,55,62
12376197466313748,0,17,54,61
3458551459580537,0,15,52,59
36919769562050328,0,17,56,62
2350532431316212,0,16,52,58
6739445603484858,0,15,53,60
3240735597331974,0,16,52,59
1379476972384789,0,16,51,57
4265871496901215,0,15,52,59
17695648896232262,0,17,54,61
9473269504625048,0,16,54,60
36502455579053928,0,16,56,62
14498147102407064,1,17,54,61
2465529448768679,1,16,52,58
4944828898808908,0,15,53,59
8154874911348951,1,16,53,60
10668116113877068,0,17,54,60
3874064979845332,0,15,52,59
8872880784848142,0,17,53,60
27986167017945596,0,17,55,62
35648755966654056,0,16,55,62
17612351690572202,1,17,54,61
4761031863504941,1,16,53,59
438957858086727,0,14,49,56
1850293888208356,1,16,51,58
6366104232722554,1,16,53,60
4034875850096264,0,15,52,59
1143292009291034,1,15,51,57
9728892715370656,1,16,54,60
41502602682039024,0,16,56,62
3195572752031963,0,16,52,59
5188670831148861,1,17,53,59
3544385966920053,0,15,52,59
21090903809388124,0,16,55,61
7394543174708156,0,16,53,60
40441467526882376,0,16,56,62
9902176101218556,0,16,54,60
4256595333934101,1,16,52,59
3545870107774324,0,15,52,59
5438583974032147,0,16,53,59
4113731624334585,1,15,52,59
1922982596568603,0,15,51,58
785915533766306,0,14,50,57
13099678719987288,1,16,54,61
11414522156465842,0,16,54,60
1041638681764285,1,15,50,57
3082800588254023,0,15,52,59
25890364858192716,0,16,55,62
6705170876072144,0,16,53,60
12790886715058322,0,17,54,61
5278576011009905,0,15,53,59
1864337665009638,1,16,51,58
3317926165464617,1,16,52,59
5000558532371356,0,15,53,59
19941243558808716,0,17,55,61
15996638867435962,0,17,54,61
3462365616629005,0,15,52,59
12597931306206468,1,17,54,61
26158125670626256,1,17,55,62
4125007793787637,0,15,52,59
491047165300035,1,14,49,56
8378213938016588,1,16,53,60
10750704842169076,0,16,54,60
36610275251989448,0,17,56,62
4771191857287094,0,16,53,59
6051216947160606,0,15,53,60
31174562360637,1,15,45,52
4645736942650891,0,16,53,59
4540068032760849,0,15,53,59
2995268409088589,0,16,52,59
35059357639096924,0,17,55,62
381275722227673,0,14,49,56
33015001608472076,1,16,55,62
14161928127298152,1,16,54,61
11172265887012748,0,16,54,60
19951345483208096,0,18,55,61
1669349839836305,0,16,51,58
4019095643743353,0,15,52,59
3465743017032832,1,16,52,59
1758741540186955,0,16,51,58
5528730425117909,0,15,53,59
40282093070510496,1,17,56,62
1193227577526117,1,16,51,57
5286118382028274,0,15,53,59
5077800071174199,0,18,53,59
22846421411087376,0,17,55,61
3437407365053279,0,15,52,59
7107589773195712,0,16,53,60
4000209573486936,0,16,52,59
43272787777965408,0,16,56,62
4656883389462041,1,16,53,59
9027980872581826,0,16,54,60
37591887279459424,0,16,56,62
4002230574328539,1,16,52,59
1034118662475344,0,16,50,57
3642245502322359,0,15,52,59
4847654263776391,0,16,53,59
11980030814913104,0,16,54,61
3415032750567715,0,15,52,59
11137633298928088,0,17,54,60
3308121199265557,1,16,52,59
36348131511056424,0,16,56,62
14704047896549904,0,16,54,61
20708968251465736,1,16,55,61
3472018011869563,0,15,52,59
1709007906219303,0,16,51,58
13936966422521398,0,16,54,61
4438519164091445,0,15,52,59
2766423703997466,1,16,52,58
5162679687362501,1,16,53,59
3965473594585128,0,15,52,59
17846300679087922,0,17,54,61
211630577412011,0,16,48,55
3782318948247962,0,15,52,59
32350693456692824,0,17,55,62
6620869301287078,0,16,53,60
486075430020143,0,14,49,56
13767630732897352,1,16,54,61
3342833319526824,1,16,52,59
43888669415575328,0,16,56,62
5496812564244784,1,16,53,59
42550512050316472,1,17,56,62
3349309034943629,0,15,52,59
3798918567128111,0,17,52,59
342654151215452,1,15,49,55
4959877413839318,0,15,53,59
6049439574847875,1,16,53,60
551029732691964,1,16,49,56
34621125172640296,0,16,55,62
3564603025442839,1,17,52,59
9889455538792162,1,17,54,60
36218457853568128,0,16,56,62
2517430977098926,0,16,52,58
4834237796456981,1,16,53,59
3624739846868247,0,15,52,59
1332031328478379,1,15,51,57
18377851248607452,0,16,55,61
26073712247316096,0,16,55,62
17466302710384728,0,16,54,61
14223920287462112,1,16,54,61
6187895905576688,0,15,53,60
12058160727396664,1,16,54,61
12561762422287758,1,16,54,61
7595797717719211,0,15,53,60
1413245970811948,1,15,51,57
26343214118761756,1,16,55,62
4532717133770376,0,15,53,59
9532120040871448,1,17,54,60
22102702886853936,0,17,55,61
34855432790036796,0,16,55,62
1663107715911377,1,15,51,58
17201814280952488,0,16,54,61
3837535220189912,0,15,52,59
15981059432586144,0,16,54,61
8722176925892585,0,16,53,60
2939471875791239,0,15,52,59
9725959609608964,0,16,54,60
36884177464290552,0,16,56,62
1277697003875865,0,15,51,57
2212512931251065,0,15,51,58
6378158673322272,1,16,53,60
34872652254764496,0,16,55,62
31880366880391024,0,16,55,62
11025574078205464,0,16,54,60
11829542191939984,0,16,54,61
10314858763404388,1,16,54,60
3107776214224658,0,16,52,59
5678516655900649,0,15,53,59
347432484500395,0,16,49,55
4128438553339776,0,16,52,59
34142436097735076,0,16,55,62
3735812526543897,1,15,52,59
40282927941439328,0,16,56,62
15699450793374684,0,16,54,61
10214024585927832,1,17,54,60
1888642164093269,1,16,51,58
352093128992783,0,14,49,55
1360106673534543,1,15,51,57
27441892565254264,1,17,55,62
3251170535803754,0,15,52,59
3910233133540051,1,16,52,59
10673597467965998,0,18,54,60
44126752003965976,0,16,56,62
37661892848267504,0,18,56,62
3561810979619011,1,17,52,59
3703594320232579,0,15,52,59
1444441577840893,0,15,51,58
1758697687228717,0,15,51,58
4973226817544536,0,15,53,59
6274672053111725,0,16,53,60
15750193095432778,1,17,54,61
3864896091095614,0,15,52,59
10591717633311872,0,17,54,60
40666457248574096,1,18,56,62
4542821747703278,0,15,53,59
2776157036264641,0,16,52,58
16327161868996388,0,17,54,61
42096460392838472,0,16,56,62
3488194033936023,0,16,52,59
1569489458595467,1,16,51,58
3658612903596826,0,15,52,59
3317276398909707,1,15,52,59
8569751881134381,1,16,53,60
3329409894666568,0,15,52,59
12422066141766622,0,16,54,61
452286417302309,1,16,49,56
4491918431610764,0,15,52,59
481866395767117,0,15,49,56
15780705300992176,1,16,54,61
3161016594066193,0,15,52,59
2904173830849395,0,16,52,59
5143892397310238,1,16,53,59
34358425010833196,0,16,55,62
4970302006375172,0,16,53,59
12361226130125876,1,17,54,61
4789972567789922,0,15,53,59
2450462464877575,1,15,52,58
3965282913286301,1,16,52,59
25282034341972804,0,16,55,62
4475954972545031,1,15,52,59
3060752212058165,1,16,52,59
2408009849967201,0,16,52,58
41489718576008072,1,17,56,62
1545651695894352,0,16,51,58
3403124027493635,0,15,52,59
23423881307401896,0,17,55,62
669753261195593,0,16,50,56
4083190126201359,0,15,52,59
4972408093513734,1,16,53,59
5623924128199272,1,16,53,59
34937994557014804,0,16,55,62
10150976432854152,0,16,54,60
1489451158748716,0,15,51,58
3150938155540783,0,15,52,59
3817427348177418,1,16,52,59
4583138329960789,1,16,53,59
34859412494528444,0,16,55,62
3444349083982124,1,16,52,59
6297318510364885,0,16,53,60
6302920430454898,0,15,53,60
5313710449379235,0,16,53,59
11343734409552272,1,16,54,60
32217963139411124,0,16,55,62
1219989126848917,0,16,51,57
5247203353140968,1,16,53,59
40768517829261096,0,16,56,62
21921846437167452,1,17,55,61
2262674513261519,0,16,52,58
4062506426060741,0,15,52,59
32022852447849924,0,17,55,62
6474537564335201,0,18,53,60
4043118883731671,0,15,52,59
31179896044774744,1,17,55,62
13309601358104172,0,16,54,61
35728340644639024,0,16,55,62
5620398533228901,0,16,53,59
5017325451229491,1,17,53,59
11622192488912956,0,15,54,61
16186589463084672,1,16,54,61
1183350664165081,0,15,51,57
3482592742017954,0,15,52,59
10723131472766298,1,17,54,60
519567931471957,1,16,49,56
5251280009527765,0,15,53,59
27748718652190996,0,17,55,62
6489945423408349,1,17,53,60
40296621461082624,0,16,56,62
5769907870513816,0,16,53,60
17533264832502628,0,17,54,61
3610985646739004,0,15,52,59
8019481149111502,0,16,53,60
1616540958609085,0,16,51,58
4273051928586907,0,15,52,59
12358745695384316,1,16,54,61
6985403313599764,1,16,53,60
5943858229793258,0,15,53,60
6584065722610912,0,17,53,60
2721785505815767,1,16,52,58
6809733858624892,0,15,53,60
13764344909575762,1,16,54,61
33910051834718756,1,16,55,62
5126258340571045,0,15,53,59
15014552209140722,1,16,54,61
32631501754124824,1,17,55,62
3597455917966529,0,15,52,59
32335022334179096,1,17,55,62
9283756155327418,1,16,54,60
43107172474944408,0,16,56,62
1716263397527516,0,15,51,58
19006261824126796,1,16,55,61
39748824215210904,1,16,56,62
124124733028543,0,14,47,54
5868332673454639,1,16,53,60
3131861896178257,0,15,52,59
2210852071658752,1,15,51,58
1948594227240494,0,15,51,58
3564644863734415,0,15,52,59
19323305640400604,0,18,55,61
256625848043095,0,16,48,55
3514994180423789,0,15,52,59
13303255383661522,0,16,54,61
2245616190453072,0,16,51,58
43194567531288624,0,16,56,62
698136040051312,1,15,50,56
3702960333745014,1,16,52,59
39507586060297328,0,16,56,62
2833556323411111,0,16,52,58
7523882182438931,0,17,53,60
5267844270436538,0,15,53,59
1072297501214836,1,16,50,57
15435061639059438,0,17,54,61
35007918289236056,0,16,55,62
6774312183995681,1,17,53,60
3986231951273739,1,16,52,59
38742092889975824,0,16,56,62
1548552811071323,0,15,51,58
12172772927083936,0,16,54,61
3288479482715545,0,15,52,59
671050510993247,1,16,50,56
10526746379766828,1,16,54,60
40043906798654072,0,16,56,62
12651777778961752,1,16,54,61
21344970224968524,0,16,55,61
4817070711443031,0,15,53,59
38044333319248192,0,17,56,62
21985932401558424,0,17,55,61
3616876865716895,0,15,52,59
23615225191292656,0,16,55,62
24169064771361156,1,16,55,62
337264952459439,0,14,49,55
274707783038486,0,14,48,55
9712738559737684,0,16,54,60
5249542617886719,0,15,53,59
3222696886327553,1,16,52,59
19759588547063988,1,17,55,61
3710205487371547,0,15,52,59
39621994411030472,1,17,56,62
13743572697452536,1,16,54,61
3625021177008429,0,15,52,59
6166468298379938,1,17,53,60
34849844551641944,1,17,55,62
3932459131778839,0,15,52,59
8182213792296694,1,16,53,60
6814481617512708,1,16,53,60
3655623879701175,0,15,52,59
13907240106181488,1,17,54,61
5845323766050132,0,17,53,60
4584972832540996,0,15,53,59
1104503990766504,0,15,50,57
19164153690680904,1,16,55,61
3045014095418783,0,15,52,59
30821652435709724,1,17,55,62
8947339604506268,1,16,53,60
4610106334197055,0,15,53,59
43188495761883,1,13,46,52
7960220048172289,1,16,53,60
4566671332094251,0,15,53,59
11160599246255788,1,16,54,60
8749901029066044,1,16,53,60
4702695040274322,0,15,53,59
2055284684508769,1,16,51,58
496745608354382,1,16,49,56
3587823068825164,0,15,52,59
8456388055897451,1,16,53,60
6139317152200201,0,16,53,60
3362704658427238,0,15,52,59
1224618200368021,1,15,51,57
8371529731384502,1,16,53,60
3154387947509436,0,15,52,59
22371567740013548,1,16,55,61
30196742533868924,0,16,55,62
1106029417162045,1,15,50,57
1836294378960225,1,16,51,58
1102528986037518,1,15,50,57
3951973245111976,0,15,52,59
2186354880266664,0,15,51,58
17931289847202444,0,16,54,61
3124794381968635,1,15,52,59
2341604309885068,0,16,52,58
167885476985057,1,16,48,54
35543910440238004,0,16,55,62
5441262523223848,0,16,53,59
2998818951284112,1,16,52,59
5378168904288214,0,15,53,59
682881363226743,1,15,50,56
31930284674296756,0,17,55,62
3430150040368757,0,15,52,59
725805888363205,1,15,50,57
552431774556586,0,15,49,56
3719782342975581,0,15,52,59
2492389511465433,0,16,52,58
3533592765900635,1,16,52,59
4059658189059687,0,15,52,59
13189456533091652,1,17,54,61
220856651960889,1,16,48,55
34277912397664696,0,16,55,62
5782345846460701,0,18,53,60
10031523036261522,1,17,54,60
37434687032712744,0,16,56,62
17962674728675484,1,17,54,61
3297813994576873,1,16,52,59
4281550235968609,0,15,52,59
9984256628463548,1,16,54,60
11503972048371504,1,16,54,60
4584961543439824,0,15,53,59
1529778113277611,0,16,51,58
6950651859274321,0,16,53,60
3970821955381626,0,15,52,59
11532634771178402,0,16,54,61
1730510844723682,0,15,51,58
3219774075876641,1,15,52,59
2394421736204883,1,16,52,58
170756660961459,0,16,48,54
6320596987167822,0,15,53,60
2392121439217467,0,16,52,58
11174140921704164,1,16,54,60
4421399756625728,0,15,52,59
25619894308439496,1,17,55,62
3837241027878345,1,15,52,59
5238908125879868,0,15,53,59
8416482730650999,0,18,53,60
14524866399917348,1,17,54,61
5424943520072528,0,15,53,59
26346644509396896,1,18,55,62
5287585822470092,1,17,53,59
37470134506843152,0,16,56,62
145691589638829,0,14,48,54
328124135299921,1,14,49,55
520605663622067,0,14,49,56
8072787704627715,1,16,53,60
16451907265636512,0,16,54,61
6780924529206532,0,15,53,60
2480979551061553,0,16,52,58
37050498788004096,1,17,56,62
3429851757901013,0,15,52,59
7177746814337899,0,18,53,60
2530706374305239,0,16,52,58
532364287125962,0,14,49,56
5396757079455387,0,16,53,59
1252887649313096,0,16,51,57
4941270662753158,0,15,53,59
7424245479228545,0,16,53,60
14561224883967752,1,16,54,61
4783325905212824,0,15,53,59
6525800950844668,1,17,53,60
1389470451925022,1,16,51,57
4372424014409076,0,15,52,59
18752778873608912,0,17,55,61
19087585659067152,0,17,55,61
606925429485746,0,14,50,56
806448304632597,1,16,50,57
475174122940229,1,15,49,56
4562712853391796,0,15,53,59
2251810425912769,0,16,52,58
549864487897282,1,15,49,56
4799097820297895,0,15,53,59
13437785501965044,1,17,54,61
13173744756626038,0,17,54,61
3801680289542261,0,15,52,59
4758659360203484,0,16,53,59
2639442601087764,0,16,52,58
563815731802272,0,14,50,56
3991819162385196,0,16,52,59
708138204950357,1,15,50,56
3353567755077086,0,15,52,59
43502088110434304,1,17,56,62
28481284026991996,1,17,55,62
374460226201957,0,14,49,56
6569867785933242,0,16,53,60
1478766602764714,1,15,51,58
6573431162579491,0,15,53,60
4188046969889686,1,16,52,59
318469737965137,1,16,49,55
5265340286521801,0,15,53,59
1356492697765344,0,16,51,57
7377093092808556,0,16,53,60
3695696052088871,0,15,52,59
10923228867133368,1,16,54,60
14211438499184036,1,16,54,61
3163698260697916,0,15,52,59
2369923327110403,0,16,52,58
131014901700943,1,14,47,54
796043784161103,0,14,50,57
2746605957747314,1,15,52,58
30238463415859124,1,16,55,62
14927368932837284,0,16,54,61
10366187621214158,1,16,54,60
3173631257734496,0,16,52,59
3299431900635271,0,15,52,59
67147799823505,0,14,46,53
4487984282710514,0,16,52,59
6643745721027451,0,15,53,60
11044919361850528,0,17,54,60
3749011851342947,1,16,52,59
35724369848717824,0,16,55,62
19342844535347996,1,17,55,61
7927155879794469,1,16,53,60
4690138922885762,0,15,53,59
2941874562331967,0,16,52,59
6768156359362672,1,16,53,60
4619272659517795,0,15,53,59
39573145097365848,1,17,56,62
4464717196363736,0,16,52,59
3795769947666363,0,15,52,59
708179642889654,0,16,50,56
3124429450266739,0,15,52,59
20737961576142816,0,16,55,61
20084515383695836,1,16,55,61
24344477712785376,1,16,55,62
18708625757397128,0,16,55,61
14411025951901638,0,16,54,61
6259944832057381,0,16,53,60
4576269694159368,0,15,53,59
35758355949440676,0,17,55,62
2269110485220506,0,16,52,58
4515972737148761,0,15,53,59
7110553050956231,0,16,53,60
7735008582148674,1,16,53,60
338333358133967,0,14,49,55
1661648983722752,1,16,51,58
3161756586497065,1,16,52,59
4038290615001047,0,15,52,59
25327400047526604,1,18,55,62
15324794917399756,0,17,54,61
34309114869296776,0,16,55,62
5599217333726368,0,16,53,59
10633604831584618,0,16,54,60
4611798678253914,0,15,53,59
5568007306834031,1,16,53,59
8057647745683281,1,16,53,60
38416007403671448,0,16,56,62
765095126170355,1,15,50,57
6174569446428545,1,16,53,60
3450941793850546,0,15,52,59
8672014434217925,1,16,53,60
5704145563585235,0,16,53,59
5060798114417941,0,15,53,59
336169878035523,1,16,49,55
4581381844838848,1,16,53,59
3695505079406475,0,15,52,59
6391036639966851,0,17,53,60
19489130228670804,1,16,55,61
3366683020302372,0,15,52,59
6119531770705542,1,16,53,60
28771236880370996,1,19,55,62
3424254003135986,0,15,52,59
11404086371887008,0,16,54,60
9516716318173256,0,16,54,60
39851849285482872,0,16,56,62
4144522462620388,0,16,52,59
8894139766834852,1,16,53,60
3651796386014059,0,15,52,59
8858353690138982,0,16,53,60
4699144686034676,0,16,53,59
4598742959036156,0,15,53,59
599063857847466,0,15,50,56
6315814930411499,0,16,53,60
4401841825457103,0,15,52,59
8512028089994111,1,17,53,60
32954500694784376,1,17,55,62
39947996168086944,0,16,56,62
2875202585949934,0,16,52,58
7470731078097549,1,16,53,60
4009606202466499,0,15,52,59
24366689931483056,0,17,55,62
110669792495637,0,15,47,54
4552778008440156,0,15,53,59
17217090250666404,1,18,54,61
8881384726389289,1,17,53,60
5107690281393889,0,15,53,59
21170522781335424,0,17,55,61
3498024945358658,0,15,52,59
11506870116258196,1,16,54,60
15795805749504978,1,17,54,61
4748656572613705,0,16,53,59
6584905545412026,0,15,53,60
377291032736614,1,15,49,56
11310478200839672,0,17,54,60
34624648294946344,0,16,55,62
1020284112199918,0,16,50,57
20732401196928096,0,17,55,61
47170524422259,0,13,46,53
3950658557936155,1,16,52,59
14144458935332548,0,16,54,61
32723950183073276,0,16,55,62
3147034336097961,1,16,52,59
3456580898400024,0,16,52,59
3935340179030014,0,15,52,59
3297855682710992,1,16,52,59
26328593839834996,0,19,55,62
4992545234661392,0,15,53,59
9134988532572762,0,17,54,60
3239748570531145,0,16,52,59
5098828633634675,0,15,53,59
8572875652474425,1,16,53,60
215859563092556,0,16,48,55
5232961356711418,0,15,53,59
2897709503389545,1,15,52,59
12595095365667602,1,16,54,61
1556070256870742,0,15,51,58
651939800728885,0,16,50,56
1623068538162594,1,16,51,58
34435183885815904,0,16,55,62
3998672072797599,1,18,52,59
446762008541522,0,16,49,56
5820929493945398,0,15,53,60
7913359264645112,1,16,53,60
2330892667351492,0,16,52,58
34323335399295,0,13,45,52
3311023699287549,1,17,52,59
2301031239640054,0,16,52,58
43153451394400808,0,16,56,62
9953094675281852,0,16,54,60
11001581531403028,1,16,54,60
6143586530987138,0,15,53,60
16660092983453464,0,17,54,61
15450286090858604,1,16,54,61
4894959041100874,0,15,53,59
6829536525804234,1,16,53,60
8200109213675312,0,16,53,60
6217967187831945,0,15,53,60
18100159145101904,1,18,55,61
2274967479349773,1,16,52,58
6238162373589812,0,15,53,60
6542861437335454,0,16,53,60
586564836157785,0,16,50,56
36489272296017408,0,16,56,62
56663752847439,0,15,46,53
16889143029623104,0,17,54,61
3545395991713516,0,15,52,59
7166305141974514,1,16,53,60
3985101906043201,1,16,52,59
3918498355783936,0,15,52,59
154816521585677,1,15,48,54
20796129531402776,1,17,55,61
3537488481248386,0,15,52,59
9514298935081082,0,17,54,60
5915489579162202,1,16,53,60
36278940014996472,0,16,56,62
191973970533167,1,15,48,55
11087691914651544,1,16,54,60
33597557690221444,0,16,55,62
30795817938756276,0,17,55,62
12268995409504388,0,17,54,61
40850483287539472,0,16,56,62
4569095349911988,0,17,53,59
10069416788991362,1,17,54,60
43484691769661728,0,16,56,62
13916695352790064,0,17,54,61
774318730617547,1,16,50,57
3648048282898925,0,15,52,59
33401345389788,1,14,45,52
3271483849684445,0,16,52,59
374455841684658,0,14,49,56
15133679108192372,0,16,54,61
2029579680388318,0,15,51,58
4655174829758144,0,15,53,59
